=== build-www + cap sync ===
www built:  27M
✔ Copying web assets from www to ios/App/App/public in 80.76ms
✔ Creating capacitor.config.json in ios/App/App in 278.63μs
✔ copy ios in 88.94ms
✔ Updating iOS plugins in 211.00μs
[info] All Capacitor plugins have a Package.swift file and will be included in Package.swift
[info] Writing Package.swift
[info] Found 2 Capacitor plugins for ios:
       @capacitor/app@8.1.0
       @capacitor/local-notifications@8.2.0
✔ update ios in 7.60ms
[info] Sync finished in 0.102s
=== bump build 11 -> 12 ===
=== archive ===
Command line invocation:
    /Applications/Xcode.app/Contents/Developer/usr/bin/xcodebuild -project App.xcodeproj -scheme App -configuration Release -archivePath build/App.xcarchive archive -allowProvisioningUpdates -authenticationKeyPath /Users/tommiller/.appstoreconnect/private_keys/AuthKey_R6B586JNRN.p8 -authenticationKeyID R6B586JNRN -authenticationKeyIssuerID 4e28ee87-e98d-4a22-baef-dcf3a1941e59

Resolve Package Graph


Resolved source packages:
  capacitor-swift-pm: https://github.com/ionic-team/capacitor-swift-pm.git @ 8.4.1
  CapApp-SPM: /Users/tommiller/Documents/Hyperframes Editor/tally/native/ios/App/CapApp-SPM @ local
  CapacitorApp: /Users/tommiller/Documents/Hyperframes Editor/tally/native/node_modules/@capacitor/app @ local
  CapacitorLocalNotifications: /Users/tommiller/Documents/Hyperframes Editor/tally/native/node_modules/@capacitor/local-notifications @ local

2026-07-27 06:47:16.233 xcodebuild[83845:15970820] [MT] IDERunDestination: Supported platforms for the buildables in the current scheme is empty.
--- xcodebuild: WARNING: Using the first of multiple matching destinations:
{ platform:iOS, id:dvtdevice-DVTiPhonePlaceholder-iphoneos:placeholder, name:Any iOS Device }
{ platform:iOS Simulator, id:dvtdevice-DVTiOSDeviceSimulatorPlaceholder-iphonesimulator:placeholder, name:Any iOS Simulator Device }
{ platform:macOS, arch:arm64, variant:Designed for [iPad,iPhone], id:00006041-001840910E50801C, name:My Mac }
{ platform:iOS Simulator, arch:arm64, id:A30400A6-9DC1-439D-A527-A474F8A0F4C8, OS:26.5, name:iPad (A16) }
{ platform:iOS Simulator, arch:arm64, id:8B781461-DCAE-4079-A5A0-23B2C7E3D868, OS:26.5, name:iPad Air 11-inch (M4) }
{ platform:iOS Simulator, arch:arm64, id:8B06FAB3-B740-41C6-A996-3FBDDE43041B, OS:26.5, name:iPad Air 13-inch (M4) }
{ platform:iOS Simulator, arch:arm64, id:AB51638B-421C-4DB8-8BDC-4F22512DD68B, OS:26.5, name:iPad Pro 11-inch (M5) }
{ platform:iOS Simulator, arch:arm64, id:9B6FEEC7-07B1-4B69-9344-ADCE0DE07880, OS:26.5, name:iPad Pro 13-inch (M5) }
{ platform:iOS Simulator, arch:arm64, id:DB7E08A4-A2F5-4857-8C8C-F2FA490C0705, OS:26.5, name:iPad mini (A17 Pro) }
{ platform:iOS Simulator, arch:arm64, id:9CD3C187-4305-4CA8-A2FE-D1BAA6545907, OS:26.5, name:iPhone 17 }
{ platform:iOS Simulator, arch:arm64, id:FF1F06F2-C0BD-4883-BC53-8ADC0C397426, OS:26.5, name:iPhone 17 Pro }
{ platform:iOS Simulator, arch:arm64, id:D3F54B17-BFD0-44C3-9F48-B2D9E26AA038, OS:26.5, name:iPhone 17 Pro Max }
{ platform:iOS Simulator, arch:arm64, id:3A7EB24A-0458-4723-A6D7-B889FA8F0598, OS:26.5, name:iPhone 17e }
{ platform:iOS Simulator, arch:arm64, id:1B59541C-A300-49D4-B78C-E8867E5C3E54, OS:26.5, name:iPhone Air }
ComputePackagePrebuildTargetDependencyGraph

Prepare packages

CreateBuildRequest

SendProjectDescription

CreateBuildOperation

ComputeTargetDependencyGraph
note: Building targets in dependency order
note: Target dependency graph (9 targets)
    Target 'App' in project 'App'
        ➜ Explicit dependency on target 'CapApp-SPM' in project 'CapApp-SPM'
    Target 'CapApp-SPM' in project 'CapApp-SPM'
        ➜ Explicit dependency on target 'CapApp-SPM' in project 'CapApp-SPM'
        ➜ Explicit dependency on target 'Capacitor' in project 'capacitor-swift-pm'
        ➜ Explicit dependency on target 'Cordova' in project 'capacitor-swift-pm'
        ➜ Explicit dependency on target 'CapacitorApp' in project 'CapacitorApp'
        ➜ Explicit dependency on target 'CapacitorLocalNotifications' in project 'CapacitorLocalNotifications'
    Target 'CapApp-SPM' in project 'CapApp-SPM'
        ➜ Explicit dependency on target 'Capacitor' in project 'capacitor-swift-pm'
        ➜ Explicit dependency on target 'Cordova' in project 'capacitor-swift-pm'
        ➜ Explicit dependency on target 'CapacitorApp' in project 'CapacitorApp'
        ➜ Explicit dependency on target 'CapacitorLocalNotifications' in project 'CapacitorLocalNotifications'
    Target 'CapacitorLocalNotifications' in project 'CapacitorLocalNotifications'
        ➜ Explicit dependency on target 'LocalNotificationsPlugin' in project 'CapacitorLocalNotifications'
        ➜ Explicit dependency on target 'Capacitor' in project 'capacitor-swift-pm'
        ➜ Explicit dependency on target 'Cordova' in project 'capacitor-swift-pm'
    Target 'LocalNotificationsPlugin' in project 'CapacitorLocalNotifications'
        ➜ Explicit dependency on target 'Capacitor' in project 'capacitor-swift-pm'
        ➜ Explicit dependency on target 'Cordova' in project 'capacitor-swift-pm'
    Target 'CapacitorApp' in project 'CapacitorApp'
        ➜ Explicit dependency on target 'AppPlugin' in project 'CapacitorApp'
        ➜ Explicit dependency on target 'Capacitor' in project 'capacitor-swift-pm'
        ➜ Explicit dependency on target 'Cordova' in project 'capacitor-swift-pm'
    Target 'AppPlugin' in project 'CapacitorApp'
        ➜ Explicit dependency on target 'Capacitor' in project 'capacitor-swift-pm'
        ➜ Explicit dependency on target 'Cordova' in project 'capacitor-swift-pm'
    Target 'Cordova' in project 'capacitor-swift-pm' (no dependencies)
    Target 'Capacitor' in project 'capacitor-swift-pm' (no dependencies)

GatherProvisioningInputs

CreateBuildDescription

ExecuteExternalTool /Applications/Xcode.app/Contents/Developer/Toolchains/XcodeDefault.xctoolchain/usr/bin/swiftc --version

ExecuteExternalTool /Applications/Xcode.app/Contents/Developer/usr/bin/actool --print-asset-tag-combinations --output-format xml1 /Users/tommiller/Documents/Hyperframes Editor/tally/native/ios/App/App/Assets.xcassets

ExecuteExternalTool /Applications/Xcode.app/Contents/Developer/usr/bin/ibtool --version --output-format xml1

ExecuteExternalTool /Applications/Xcode.app/Contents/Developer/Toolchains/XcodeDefault.xctoolchain/usr/bin/clang -v -E -dM -isysroot /Applications/Xcode.app/Contents/Developer/Platforms/iPhoneOS.platform/Developer/SDKs/iPhoneOS26.5.sdk -x c -c /dev/null

ExecuteExternalTool /Applications/Xcode.app/Contents/Developer/Toolchains/XcodeDefault.xctoolchain/usr/bin/ld -version_details

ExecuteExternalTool /Applications/Xcode.app/Contents/Developer/usr/bin/actool --version --output-format xml1

Build description signature: d60a12280dc523de58bcb8d97cda6d9f
Build description path: /Users/tommiller/Library/Developer/Xcode/DerivedData/App-diekzjczilnndmekcbwxdbymtdym/Build/Intermediates.noindex/ArchiveIntermediates/App/IntermediateBuildFilesPath/XCBuildData/d60a12280dc523de58bcb8d97cda6d9f.xcbuilddata
ClangStatCache /Applications/Xcode.app/Contents/Developer/Toolchains/XcodeDefault.xctoolchain/usr/bin/clang-stat-cache /Applications/Xcode.app/Contents/Developer/Platforms/iPhoneOS.platform/Developer/SDKs/iPhoneOS26.5.sdk /Users/tommiller/Library/Developer/Xcode/DerivedData/SDKStatCaches.noindex/iphoneos26.5-23F81a-32daed1954a7d5dd0789fcaf2a9bb78b.sdkstatcache
    cd /Users/tommiller/Documents/Hyperframes\ Editor/tally/native/ios/App/App.xcodeproj
    /Applications/Xcode.app/Contents/Developer/Toolchains/XcodeDefault.xctoolchain/usr/bin/clang-stat-cache /Applications/Xcode.app/Contents/Developer/Platforms/iPhoneOS.platform/Developer/SDKs/iPhoneOS26.5.sdk -o /Users/tommiller/Library/Developer/Xcode/DerivedData/SDKStatCaches.noindex/iphoneos26.5-23F81a-32daed1954a7d5dd0789fcaf2a9bb78b.sdkstatcache

CreateBuildDirectory /Users/tommiller/Library/Developer/Xcode/DerivedData/App-diekzjczilnndmekcbwxdbymtdym/Build/Intermediates.noindex/ArchiveIntermediates/App/InstallationBuildProductsLocation
    cd /Users/tommiller/Documents/Hyperframes\ Editor/tally/native/ios/App/App.xcodeproj
    builtin-create-build-directory /Users/tommiller/Library/Developer/Xcode/DerivedData/App-diekzjczilnndmekcbwxdbymtdym/Build/Intermediates.noindex/ArchiveIntermediates/App/InstallationBuildProductsLocation

CreateBuildDirectory /Users/tommiller/Library/Developer/Xcode/DerivedData/App-diekzjczilnndmekcbwxdbymtdym/Build/Intermediates.noindex/ArchiveIntermediates/App/IntermediateBuildFilesPath
    cd /Users/tommiller/Documents/Hyperframes\ Editor/tally/native/ios/App/App.xcodeproj
    builtin-create-build-directory /Users/tommiller/Library/Developer/Xcode/DerivedData/App-diekzjczilnndmekcbwxdbymtdym/Build/Intermediates.noindex/ArchiveIntermediates/App/IntermediateBuildFilesPath

CreateBuildDirectory /Users/tommiller/Library/Developer/Xcode/DerivedData/App-diekzjczilnndmekcbwxdbymtdym/Build/Intermediates.noindex/ArchiveIntermediates/App/BuildProductsPath
    cd /Users/tommiller/Documents/Hyperframes\ Editor/tally/native/ios/App/App.xcodeproj
    builtin-create-build-directory /Users/tommiller/Library/Developer/Xcode/DerivedData/App-diekzjczilnndmekcbwxdbymtdym/Build/Intermediates.noindex/ArchiveIntermediates/App/BuildProductsPath

SignatureCollection /Users/tommiller/Library/Developer/Xcode/DerivedData/App-diekzjczilnndmekcbwxdbymtdym/Build/Intermediates.noindex/ArchiveIntermediates/App/BuildProductsPath/Release-iphoneos/Capacitor.xcframework-ios.signature
    cd /Users/tommiller/Documents/Hyperframes\ Editor/tally/native/ios/App/App.xcodeproj
    builtin-collectSignature --input /Users/tommiller/Library/Developer/Xcode/DerivedData/App-diekzjczilnndmekcbwxdbymtdym/SourcePackages/artifacts/capacitor-swift-pm/Capacitor/Capacitor.xcframework --output /Users/tommiller/Library/Developer/Xcode/DerivedData/App-diekzjczilnndmekcbwxdbymtdym/Build/Intermediates.noindex/ArchiveIntermediates/App/BuildProductsPath/Release-iphoneos/Capacitor.xcframework-ios.signature --info platform ios --info library Capacitor.framework

SignatureCollection /Users/tommiller/Library/Developer/Xcode/DerivedData/App-diekzjczilnndmekcbwxdbymtdym/Build/Intermediates.noindex/ArchiveIntermediates/App/BuildProductsPath/Release-iphoneos/Cordova.xcframework-ios.signature
    cd /Users/tommiller/Documents/Hyperframes\ Editor/tally/native/ios/App/App.xcodeproj
    builtin-collectSignature --input /Users/tommiller/Library/Developer/Xcode/DerivedData/App-diekzjczilnndmekcbwxdbymtdym/SourcePackages/artifacts/capacitor-swift-pm/Cordova/Cordova.xcframework --output /Users/tommiller/Library/Developer/Xcode/DerivedData/App-diekzjczilnndmekcbwxdbymtdym/Build/Intermediates.noindex/ArchiveIntermediates/App/BuildProductsPath/Release-iphoneos/Cordova.xcframework-ios.signature --info platform ios --info library Cordova.framework

CreateBuildDirectory /Users/tommiller/Library/Developer/Xcode/DerivedData/App-diekzjczilnndmekcbwxdbymtdym/Build/Intermediates.noindex/ArchiveIntermediates/App/IntermediateBuildFilesPath/SwiftExplicitPrecompiledModules
    cd /Users/tommiller/Documents/Hyperframes\ Editor/tally/native/ios/App/App.xcodeproj
    builtin-create-build-directory /Users/tommiller/Library/Developer/Xcode/DerivedData/App-diekzjczilnndmekcbwxdbymtdym/Build/Intermediates.noindex/ArchiveIntermediates/App/IntermediateBuildFilesPath/SwiftExplicitPrecompiledModules

CreateBuildDirectory /Users/tommiller/Library/Developer/Xcode/DerivedData/App-diekzjczilnndmekcbwxdbymtdym/Build/Intermediates.noindex/ArchiveIntermediates/App/IntermediateBuildFilesPath/ExplicitPrecompiledModules
    cd /Users/tommiller/Documents/Hyperframes\ Editor/tally/native/ios/App/App.xcodeproj
    builtin-create-build-directory /Users/tommiller/Library/Developer/Xcode/DerivedData/App-diekzjczilnndmekcbwxdbymtdym/Build/Intermediates.noindex/ArchiveIntermediates/App/IntermediateBuildFilesPath/ExplicitPrecompiledModules

CreateBuildDirectory /Users/tommiller/Library/Developer/Xcode/DerivedData/App-diekzjczilnndmekcbwxdbymtdym/Build/Intermediates.noindex/ArchiveIntermediates/App/BuildProductsPath/Release-iphoneos
    cd /Users/tommiller/Documents/Hyperframes\ Editor/tally/native/ios/App/App.xcodeproj
    builtin-create-build-directory /Users/tommiller/Library/Developer/Xcode/DerivedData/App-diekzjczilnndmekcbwxdbymtdym/Build/Intermediates.noindex/ArchiveIntermediates/App/BuildProductsPath/Release-iphoneos

CreateBuildDirectory /Users/tommiller/Library/Developer/Xcode/DerivedData/App-diekzjczilnndmekcbwxdbymtdym/Build/Intermediates.noindex/ArchiveIntermediates/App/IntermediateBuildFilesPath/EagerLinkingTBDs/Release-iphoneos
    cd /Users/tommiller/Documents/Hyperframes\ Editor/tally/native/ios/App/App.xcodeproj
    builtin-create-build-directory /Users/tommiller/Library/Developer/Xcode/DerivedData/App-diekzjczilnndmekcbwxdbymtdym/Build/Intermediates.noindex/ArchiveIntermediates/App/IntermediateBuildFilesPath/EagerLinkingTBDs/Release-iphoneos

WriteAuxiliaryFile /Users/tommiller/Library/Developer/Xcode/DerivedData/App-diekzjczilnndmekcbwxdbymtdym/Build/Intermediates.noindex/ArchiveIntermediates/App/IntermediateBuildFilesPath/App.build/Release-iphoneos/App-0ca3007d900a678c2b4d53418799ee3d-VFS-iphoneos/all-product-headers.yaml
    cd /Users/tommiller/Documents/Hyperframes\ Editor/tally/native/ios/App/App.xcodeproj
    write-file /Users/tommiller/Library/Developer/Xcode/DerivedData/App-diekzjczilnndmekcbwxdbymtdym/Build/Intermediates.noindex/ArchiveIntermediates/App/IntermediateBuildFilesPath/App.build/Release-iphoneos/App-0ca3007d900a678c2b4d53418799ee3d-VFS-iphoneos/all-product-headers.yaml

CreateBuildDirectory /Users/tommiller/Library/Developer/Xcode/DerivedData/App-diekzjczilnndmekcbwxdbymtdym/Build/Intermediates.noindex/ArchiveIntermediates/App/BuildProductsPath/Release-iphoneos/PackageFrameworks
    cd /Users/tommiller/Documents/Hyperframes\ Editor/tally/native/ios/App/App.xcodeproj
    builtin-create-build-directory /Users/tommiller/Library/Developer/Xcode/DerivedData/App-diekzjczilnndmekcbwxdbymtdym/Build/Intermediates.noindex/ArchiveIntermediates/App/BuildProductsPath/Release-iphoneos/PackageFrameworks

ProcessXCFramework /Users/tommiller/Library/Developer/Xcode/DerivedData/App-diekzjczilnndmekcbwxdbymtdym/SourcePackages/artifacts/capacitor-swift-pm/Cordova/Cordova.xcframework /Users/tommiller/Library/Developer/Xcode/DerivedData/App-diekzjczilnndmekcbwxdbymtdym/Build/Intermediates.noindex/ArchiveIntermediates/App/BuildProductsPath/Release-iphoneos/Cordova.framework ios
    cd /Users/tommiller/Documents/Hyperframes\ Editor/tally/native/ios/App/App.xcodeproj
    builtin-process-xcframework --xcframework /Users/tommiller/Library/Developer/Xcode/DerivedData/App-diekzjczilnndmekcbwxdbymtdym/SourcePackages/artifacts/capacitor-swift-pm/Cordova/Cordova.xcframework --platform ios --target-path /Users/tommiller/Library/Developer/Xcode/DerivedData/App-diekzjczilnndmekcbwxdbymtdym/Build/Intermediates.noindex/ArchiveIntermediates/App/BuildProductsPath/Release-iphoneos
/Users/tommiller/Library/Developer/Xcode/DerivedData/App-diekzjczilnndmekcbwxdbymtdym/SourcePackages/artifacts/capacitor-swift-pm/Cordova/Cordova.xcframework:1:1: note: The identity of “Cordova.xcframework” is not recorded in your project.

ProcessXCFramework /Users/tommiller/Library/Developer/Xcode/DerivedData/App-diekzjczilnndmekcbwxdbymtdym/SourcePackages/artifacts/capacitor-swift-pm/Capacitor/Capacitor.xcframework /Users/tommiller/Library/Developer/Xcode/DerivedData/App-diekzjczilnndmekcbwxdbymtdym/Build/Intermediates.noindex/ArchiveIntermediates/App/BuildProductsPath/Release-iphoneos/Capacitor.framework ios
    cd /Users/tommiller/Documents/Hyperframes\ Editor/tally/native/ios/App/App.xcodeproj
    builtin-process-xcframework --xcframework /Users/tommiller/Library/Developer/Xcode/DerivedData/App-diekzjczilnndmekcbwxdbymtdym/SourcePackages/artifacts/capacitor-swift-pm/Capacitor/Capacitor.xcframework --platform ios --target-path /Users/tommiller/Library/Developer/Xcode/DerivedData/App-diekzjczilnndmekcbwxdbymtdym/Build/Intermediates.noindex/ArchiveIntermediates/App/BuildProductsPath/Release-iphoneos
/Users/tommiller/Library/Developer/Xcode/DerivedData/App-diekzjczilnndmekcbwxdbymtdym/SourcePackages/artifacts/capacitor-swift-pm/Capacitor/Capacitor.xcframework:1:1: note: The identity of “Capacitor.xcframework” is not recorded in your project.

SymLink /Users/tommiller/Library/Developer/Xcode/DerivedData/App-diekzjczilnndmekcbwxdbymtdym/Build/Intermediates.noindex/ArchiveIntermediates/App/BuildProductsPath/Release-iphoneos/LocalNotificationsPlugin.o ../../IntermediateBuildFilesPath/UninstalledProducts/iphoneos/LocalNotificationsPlugin.o (in target 'LocalNotificationsPlugin' from project 'CapacitorLocalNotifications')
    cd /Users/tommiller/Documents/Hyperframes\ Editor/tally/native/node_modules/@capacitor/local-notifications
    /bin/ln -sfh ../../IntermediateBuildFilesPath/UninstalledProducts/iphoneos/LocalNotificationsPlugin.o /Users/tommiller/Library/Developer/Xcode/DerivedData/App-diekzjczilnndmekcbwxdbymtdym/Build/Intermediates.noindex/ArchiveIntermediates/App/BuildProductsPath/Release-iphoneos/LocalNotificationsPlugin.o

WriteAuxiliaryFile /Users/tommiller/Library/Developer/Xcode/DerivedData/App-diekzjczilnndmekcbwxdbymtdym/Build/Intermediates.noindex/ArchiveIntermediates/App/IntermediateBuildFilesPath/CapacitorLocalNotifications.build/Release-iphoneos/LocalNotificationsPlugin.build/LocalNotificationsPlugin.DependencyStaticMetadataFileList (in target 'LocalNotificationsPlugin' from project 'CapacitorLocalNotifications')
    cd /Users/tommiller/Documents/Hyperframes\ Editor/tally/native/node_modules/@capacitor/local-notifications
    write-file /Users/tommiller/Library/Developer/Xcode/DerivedData/App-diekzjczilnndmekcbwxdbymtdym/Build/Intermediates.noindex/ArchiveIntermediates/App/IntermediateBuildFilesPath/CapacitorLocalNotifications.build/Release-iphoneos/LocalNotificationsPlugin.build/LocalNotificationsPlugin.DependencyStaticMetadataFileList

WriteAuxiliaryFile /Users/tommiller/Library/Developer/Xcode/DerivedData/App-diekzjczilnndmekcbwxdbymtdym/Build/Intermediates.noindex/ArchiveIntermediates/App/IntermediateBuildFilesPath/CapacitorLocalNotifications.build/Release-iphoneos/LocalNotificationsPlugin.build/LocalNotificationsPlugin.DependencyMetadataFileList (in target 'LocalNotificationsPlugin' from project 'CapacitorLocalNotifications')
    cd /Users/tommiller/Documents/Hyperframes\ Editor/tally/native/node_modules/@capacitor/local-notifications
    write-file /Users/tommiller/Library/Developer/Xcode/DerivedData/App-diekzjczilnndmekcbwxdbymtdym/Build/Intermediates.noindex/ArchiveIntermediates/App/IntermediateBuildFilesPath/CapacitorLocalNotifications.build/Release-iphoneos/LocalNotificationsPlugin.build/LocalNotificationsPlugin.DependencyMetadataFileList

WriteAuxiliaryFile /Users/tommiller/Library/Developer/Xcode/DerivedData/App-diekzjczilnndmekcbwxdbymtdym/Build/Intermediates.noindex/ArchiveIntermediates/App/IntermediateBuildFilesPath/CapacitorLocalNotifications.build/Release-iphoneos/LocalNotificationsPlugin.build/LocalNotificationsPlugin.modulemap (in target 'LocalNotificationsPlugin' from project 'CapacitorLocalNotifications')
    cd /Users/tommiller/Documents/Hyperframes\ Editor/tally/native/node_modules/@capacitor/local-notifications
    write-file /Users/tommiller/Library/Developer/Xcode/DerivedData/App-diekzjczilnndmekcbwxdbymtdym/Build/Intermediates.noindex/ArchiveIntermediates/App/IntermediateBuildFilesPath/CapacitorLocalNotifications.build/Release-iphoneos/LocalNotificationsPlugin.build/LocalNotificationsPlugin.modulemap

WriteAuxiliaryFile /Users/tommiller/Library/Developer/Xcode/DerivedData/App-diekzjczilnndmekcbwxdbymtdym/Build/Intermediates.noindex/ArchiveIntermediates/App/IntermediateBuildFilesPath/CapacitorLocalNotifications.build/Release-iphoneos/LocalNotificationsPlugin.build/Objects-normal/arm64/LocalNotificationsPlugin.SwiftFileList (in target 'LocalNotificationsPlugin' from project 'CapacitorLocalNotifications')
    cd /Users/tommiller/Documents/Hyperframes\ Editor/tally/native/node_modules/@capacitor/local-notifications
    write-file /Users/tommiller/Library/Developer/Xcode/DerivedData/App-diekzjczilnndmekcbwxdbymtdym/Build/Intermediates.noindex/ArchiveIntermediates/App/IntermediateBuildFilesPath/CapacitorLocalNotifications.build/Release-iphoneos/LocalNotificationsPlugin.build/Objects-normal/arm64/LocalNotificationsPlugin.SwiftFileList

WriteAuxiliaryFile /Users/tommiller/Library/Developer/Xcode/DerivedData/App-diekzjczilnndmekcbwxdbymtdym/Build/Intermediates.noindex/ArchiveIntermediates/App/IntermediateBuildFilesPath/CapacitorLocalNotifications.build/Release-iphoneos/LocalNotificationsPlugin.build/Objects-normal/arm64/LocalNotificationsPlugin-OutputFileMap.json (in target 'LocalNotificationsPlugin' from project 'CapacitorLocalNotifications')
    cd /Users/tommiller/Documents/Hyperframes\ Editor/tally/native/node_modules/@capacitor/local-notifications
    write-file /Users/tommiller/Library/Developer/Xcode/DerivedData/App-diekzjczilnndmekcbwxdbymtdym/Build/Intermediates.noindex/ArchiveIntermediates/App/IntermediateBuildFilesPath/CapacitorLocalNotifications.build/Release-iphoneos/LocalNotificationsPlugin.build/Objects-normal/arm64/LocalNotificationsPlugin-OutputFileMap.json

WriteAuxiliaryFile /Users/tommiller/Library/Developer/Xcode/DerivedData/App-diekzjczilnndmekcbwxdbymtdym/Build/Intermediates.noindex/ArchiveIntermediates/App/IntermediateBuildFilesPath/CapacitorLocalNotifications.build/Release-iphoneos/LocalNotificationsPlugin.build/Objects-normal/arm64/LocalNotificationsPlugin.LinkFileList (in target 'LocalNotificationsPlugin' from project 'CapacitorLocalNotifications')
    cd /Users/tommiller/Documents/Hyperframes\ Editor/tally/native/node_modules/@capacitor/local-notifications
    write-file /Users/tommiller/Library/Developer/Xcode/DerivedData/App-diekzjczilnndmekcbwxdbymtdym/Build/Intermediates.noindex/ArchiveIntermediates/App/IntermediateBuildFilesPath/CapacitorLocalNotifications.build/Release-iphoneos/LocalNotificationsPlugin.build/Objects-normal/arm64/LocalNotificationsPlugin.LinkFileList

WriteAuxiliaryFile /Users/tommiller/Library/Developer/Xcode/DerivedData/App-diekzjczilnndmekcbwxdbymtdym/Build/Intermediates.noindex/ArchiveIntermediates/App/IntermediateBuildFilesPath/CapacitorLocalNotifications.build/Release-iphoneos/LocalNotificationsPlugin.build/Objects-normal/arm64/LocalNotificationsPlugin_const_extract_protocols.json (in target 'LocalNotificationsPlugin' from project 'CapacitorLocalNotifications')
    cd /Users/tommiller/Documents/Hyperframes\ Editor/tally/native/node_modules/@capacitor/local-notifications
    write-file /Users/tommiller/Library/Developer/Xcode/DerivedData/App-diekzjczilnndmekcbwxdbymtdym/Build/Intermediates.noindex/ArchiveIntermediates/App/IntermediateBuildFilesPath/CapacitorLocalNotifications.build/Release-iphoneos/LocalNotificationsPlugin.build/Objects-normal/arm64/LocalNotificationsPlugin_const_extract_protocols.json

WriteAuxiliaryFile /Users/tommiller/Library/Developer/Xcode/DerivedData/App-diekzjczilnndmekcbwxdbymtdym/Build/Intermediates.noindex/ArchiveIntermediates/App/IntermediateBuildFilesPath/CapacitorLocalNotifications.build/Release-iphoneos/LocalNotificationsPlugin.build/Objects-normal/arm64/LocalNotificationsPlugin.SwiftConstValuesFileList (in target 'LocalNotificationsPlugin' from project 'CapacitorLocalNotifications')
    cd /Users/tommiller/Documents/Hyperframes\ Editor/tally/native/node_modules/@capacitor/local-notifications
    write-file /Users/tommiller/Library/Developer/Xcode/DerivedData/App-diekzjczilnndmekcbwxdbymtdym/Build/Intermediates.noindex/ArchiveIntermediates/App/IntermediateBuildFilesPath/CapacitorLocalNotifications.build/Release-iphoneos/LocalNotificationsPlugin.build/Objects-normal/arm64/LocalNotificationsPlugin.SwiftConstValuesFileList

WriteAuxiliaryFile /Users/tommiller/Library/Developer/Xcode/DerivedData/App-diekzjczilnndmekcbwxdbymtdym/Build/Intermediates.noindex/ArchiveIntermediates/App/IntermediateBuildFilesPath/CapApp-SPM.build/Release-iphoneos/CapApp-SPM.build/CapApp-SPM.modulemap (in target 'CapApp-SPM' from project 'CapApp-SPM')
    cd /Users/tommiller/Documents/Hyperframes\ Editor/tally/native/ios/App/CapApp-SPM
    write-file /Users/tommiller/Library/Developer/Xcode/DerivedData/App-diekzjczilnndmekcbwxdbymtdym/Build/Intermediates.noindex/ArchiveIntermediates/App/IntermediateBuildFilesPath/CapApp-SPM.build/Release-iphoneos/CapApp-SPM.build/CapApp-SPM.modulemap

WriteAuxiliaryFile /Users/tommiller/Library/Developer/Xcode/DerivedData/App-diekzjczilnndmekcbwxdbymtdym/Build/Intermediates.noindex/ArchiveIntermediates/App/IntermediateBuildFilesPath/CapApp-SPM.build/Release-iphoneos/CapApp-SPM.build/Objects-normal/arm64/CapApp-SPM.LinkFileList (in target 'CapApp-SPM' from project 'CapApp-SPM')
    cd /Users/tommiller/Documents/Hyperframes\ Editor/tally/native/ios/App/CapApp-SPM
    write-file /Users/tommiller/Library/Developer/Xcode/DerivedData/App-diekzjczilnndmekcbwxdbymtdym/Build/Intermediates.noindex/ArchiveIntermediates/App/IntermediateBuildFilesPath/CapApp-SPM.build/Release-iphoneos/CapApp-SPM.build/Objects-normal/arm64/CapApp-SPM.LinkFileList

WriteAuxiliaryFile /Users/tommiller/Library/Developer/Xcode/DerivedData/App-diekzjczilnndmekcbwxdbymtdym/Build/Intermediates.noindex/ArchiveIntermediates/App/IntermediateBuildFilesPath/CapApp-SPM.build/Release-iphoneos/CapApp-SPM.build/Objects-normal/arm64/CapApp-SPM-OutputFileMap.json (in target 'CapApp-SPM' from project 'CapApp-SPM')
    cd /Users/tommiller/Documents/Hyperframes\ Editor/tally/native/ios/App/CapApp-SPM
    write-file /Users/tommiller/Library/Developer/Xcode/DerivedData/App-diekzjczilnndmekcbwxdbymtdym/Build/Intermediates.noindex/ArchiveIntermediates/App/IntermediateBuildFilesPath/CapApp-SPM.build/Release-iphoneos/CapApp-SPM.build/Objects-normal/arm64/CapApp-SPM-OutputFileMap.json

WriteAuxiliaryFile /Users/tommiller/Library/Developer/Xcode/DerivedData/App-diekzjczilnndmekcbwxdbymtdym/Build/Intermediates.noindex/ArchiveIntermediates/App/IntermediateBuildFilesPath/CapApp-SPM.build/Release-iphoneos/CapApp-SPM.build/Objects-normal/arm64/CapApp-SPM.SwiftFileList (in target 'CapApp-SPM' from project 'CapApp-SPM')
    cd /Users/tommiller/Documents/Hyperframes\ Editor/tally/native/ios/App/CapApp-SPM
    write-file /Users/tommiller/Library/Developer/Xcode/DerivedData/App-diekzjczilnndmekcbwxdbymtdym/Build/Intermediates.noindex/ArchiveIntermediates/App/IntermediateBuildFilesPath/CapApp-SPM.build/Release-iphoneos/CapApp-SPM.build/Objects-normal/arm64/CapApp-SPM.SwiftFileList

WriteAuxiliaryFile /Users/tommiller/Library/Developer/Xcode/DerivedData/App-diekzjczilnndmekcbwxdbymtdym/Build/Intermediates.noindex/ArchiveIntermediates/App/IntermediateBuildFilesPath/CapApp-SPM.build/Release-iphoneos/CapApp-SPM.build/Objects-normal/arm64/CapApp-SPM_const_extract_protocols.json (in target 'CapApp-SPM' from project 'CapApp-SPM')
    cd /Users/tommiller/Documents/Hyperframes\ Editor/tally/native/ios/App/CapApp-SPM
    write-file /Users/tommiller/Library/Developer/Xcode/DerivedData/App-diekzjczilnndmekcbwxdbymtdym/Build/Intermediates.noindex/ArchiveIntermediates/App/IntermediateBuildFilesPath/CapApp-SPM.build/Release-iphoneos/CapApp-SPM.build/Objects-normal/arm64/CapApp-SPM_const_extract_protocols.json

WriteAuxiliaryFile /Users/tommiller/Library/Developer/Xcode/DerivedData/App-diekzjczilnndmekcbwxdbymtdym/Build/Intermediates.noindex/ArchiveIntermediates/App/IntermediateBuildFilesPath/CapApp-SPM.build/Release-iphoneos/CapApp-SPM.build/Objects-normal/arm64/CapApp-SPM.SwiftConstValuesFileList (in target 'CapApp-SPM' from project 'CapApp-SPM')
    cd /Users/tommiller/Documents/Hyperframes\ Editor/tally/native/ios/App/CapApp-SPM
    write-file /Users/tommiller/Library/Developer/Xcode/DerivedData/App-diekzjczilnndmekcbwxdbymtdym/Build/Intermediates.noindex/ArchiveIntermediates/App/IntermediateBuildFilesPath/CapApp-SPM.build/Release-iphoneos/CapApp-SPM.build/Objects-normal/arm64/CapApp-SPM.SwiftConstValuesFileList

WriteAuxiliaryFile /Users/tommiller/Library/Developer/Xcode/DerivedData/App-diekzjczilnndmekcbwxdbymtdym/Build/Intermediates.noindex/ArchiveIntermediates/App/IntermediateBuildFilesPath/CapApp-SPM.build/Release-iphoneos/CapApp-SPM.build/CapApp-SPM.DependencyStaticMetadataFileList (in target 'CapApp-SPM' from project 'CapApp-SPM')
    cd /Users/tommiller/Documents/Hyperframes\ Editor/tally/native/ios/App/CapApp-SPM
    write-file /Users/tommiller/Library/Developer/Xcode/DerivedData/App-diekzjczilnndmekcbwxdbymtdym/Build/Intermediates.noindex/ArchiveIntermediates/App/IntermediateBuildFilesPath/CapApp-SPM.build/Release-iphoneos/CapApp-SPM.build/CapApp-SPM.DependencyStaticMetadataFileList

WriteAuxiliaryFile /Users/tommiller/Library/Developer/Xcode/DerivedData/App-diekzjczilnndmekcbwxdbymtdym/Build/Intermediates.noindex/ArchiveIntermediates/App/IntermediateBuildFilesPath/CapApp-SPM.build/Release-iphoneos/CapApp-SPM.build/CapApp-SPM.DependencyMetadataFileList (in target 'CapApp-SPM' from project 'CapApp-SPM')
    cd /Users/tommiller/Documents/Hyperframes\ Editor/tally/native/ios/App/CapApp-SPM
    write-file /Users/tommiller/Library/Developer/Xcode/DerivedData/App-diekzjczilnndmekcbwxdbymtdym/Build/Intermediates.noindex/ArchiveIntermediates/App/IntermediateBuildFilesPath/CapApp-SPM.build/Release-iphoneos/CapApp-SPM.build/CapApp-SPM.DependencyMetadataFileList

Copy /Users/tommiller/Library/Developer/Xcode/DerivedData/App-diekzjczilnndmekcbwxdbymtdym/Build/Intermediates.noindex/ArchiveIntermediates/App/IntermediateBuildFilesPath/GeneratedModuleMaps-iphoneos/LocalNotificationsPlugin.modulemap /Users/tommiller/Library/Developer/Xcode/DerivedData/App-diekzjczilnndmekcbwxdbymtdym/Build/Intermediates.noindex/ArchiveIntermediates/App/IntermediateBuildFilesPath/CapacitorLocalNotifications.build/Release-iphoneos/LocalNotificationsPlugin.build/LocalNotificationsPlugin.modulemap (in target 'LocalNotificationsPlugin' from project 'CapacitorLocalNotifications')
    cd /Users/tommiller/Documents/Hyperframes\ Editor/tally/native/node_modules/@capacitor/local-notifications
    builtin-copy -exclude .DS_Store -exclude CVS -exclude .svn -exclude .git -exclude .hg -strip-unsigned-binaries -strip-deterministic -strip-tool /Applications/Xcode.app/Contents/Developer/Toolchains/XcodeDefault.xctoolchain/usr/bin/strip -resolve-src-symlinks /Users/tommiller/Library/Developer/Xcode/DerivedData/App-diekzjczilnndmekcbwxdbymtdym/Build/Intermediates.noindex/ArchiveIntermediates/App/IntermediateBuildFilesPath/CapacitorLocalNotifications.build/Release-iphoneos/LocalNotificationsPlugin.build/LocalNotificationsPlugin.modulemap /Users/tommiller/Library/Developer/Xcode/DerivedData/App-diekzjczilnndmekcbwxdbymtdym/Build/Intermediates.noindex/ArchiveIntermediates/App/IntermediateBuildFilesPath/GeneratedModuleMaps-iphoneos

WriteAuxiliaryFile /Users/tommiller/Library/Developer/Xcode/DerivedData/App-diekzjczilnndmekcbwxdbymtdym/Build/Intermediates.noindex/ArchiveIntermediates/App/IntermediateBuildFilesPath/CapacitorApp.build/Release-iphoneos/AppPlugin.build/AppPlugin.modulemap (in target 'AppPlugin' from project 'CapacitorApp')
    cd /Users/tommiller/Documents/Hyperframes\ Editor/tally/native/node_modules/@capacitor/app
    write-file /Users/tommiller/Library/Developer/Xcode/DerivedData/App-diekzjczilnndmekcbwxdbymtdym/Build/Intermediates.noindex/ArchiveIntermediates/App/IntermediateBuildFilesPath/CapacitorApp.build/Release-iphoneos/AppPlugin.build/AppPlugin.modulemap

WriteAuxiliaryFile /Users/tommiller/Library/Developer/Xcode/DerivedData/App-diekzjczilnndmekcbwxdbymtdym/Build/Intermediates.noindex/ArchiveIntermediates/App/IntermediateBuildFilesPath/CapacitorApp.build/Release-iphoneos/AppPlugin.build/AppPlugin.DependencyMetadataFileList (in target 'AppPlugin' from project 'CapacitorApp')
    cd /Users/tommiller/Documents/Hyperframes\ Editor/tally/native/node_modules/@capacitor/app
    write-file /Users/tommiller/Library/Developer/Xcode/DerivedData/App-diekzjczilnndmekcbwxdbymtdym/Build/Intermediates.noindex/ArchiveIntermediates/App/IntermediateBuildFilesPath/CapacitorApp.build/Release-iphoneos/AppPlugin.build/AppPlugin.DependencyMetadataFileList

WriteAuxiliaryFile /Users/tommiller/Library/Developer/Xcode/DerivedData/App-diekzjczilnndmekcbwxdbymtdym/Build/Intermediates.noindex/ArchiveIntermediates/App/IntermediateBuildFilesPath/CapacitorApp.build/Release-iphoneos/AppPlugin.build/AppPlugin.DependencyStaticMetadataFileList (in target 'AppPlugin' from project 'CapacitorApp')
    cd /Users/tommiller/Documents/Hyperframes\ Editor/tally/native/node_modules/@capacitor/app
    write-file /Users/tommiller/Library/Developer/Xcode/DerivedData/App-diekzjczilnndmekcbwxdbymtdym/Build/Intermediates.noindex/ArchiveIntermediates/App/IntermediateBuildFilesPath/CapacitorApp.build/Release-iphoneos/AppPlugin.build/AppPlugin.DependencyStaticMetadataFileList

WriteAuxiliaryFile /Users/tommiller/Library/Developer/Xcode/DerivedData/App-diekzjczilnndmekcbwxdbymtdym/Build/Intermediates.noindex/ArchiveIntermediates/App/IntermediateBuildFilesPath/App.build/Release-iphoneos/App.build/Objects-normal/arm64/App.SwiftFileList (in target 'App' from project 'App')
    cd /Users/tommiller/Documents/Hyperframes\ Editor/tally/native/ios/App
    write-file /Users/tommiller/Library/Developer/Xcode/DerivedData/App-diekzjczilnndmekcbwxdbymtdym/Build/Intermediates.noindex/ArchiveIntermediates/App/IntermediateBuildFilesPath/App.build/Release-iphoneos/App.build/Objects-normal/arm64/App.SwiftFileList

WriteAuxiliaryFile /Users/tommiller/Library/Developer/Xcode/DerivedData/App-diekzjczilnndmekcbwxdbymtdym/Build/Intermediates.noindex/ArchiveIntermediates/App/IntermediateBuildFilesPath/App.build/Release-iphoneos/App.build/Objects-normal/arm64/App_const_extract_protocols.json (in target 'App' from project 'App')
    cd /Users/tommiller/Documents/Hyperframes\ Editor/tally/native/ios/App
    write-file /Users/tommiller/Library/Developer/Xcode/DerivedData/App-diekzjczilnndmekcbwxdbymtdym/Build/Intermediates.noindex/ArchiveIntermediates/App/IntermediateBuildFilesPath/App.build/Release-iphoneos/App.build/Objects-normal/arm64/App_const_extract_protocols.json

WriteAuxiliaryFile /Users/tommiller/Library/Developer/Xcode/DerivedData/App-diekzjczilnndmekcbwxdbymtdym/Build/Intermediates.noindex/ArchiveIntermediates/App/IntermediateBuildFilesPath/CapacitorApp.build/Release-iphoneos/AppPlugin.build/Objects-normal/arm64/AppPlugin.SwiftFileList (in target 'AppPlugin' from project 'CapacitorApp')
    cd /Users/tommiller/Documents/Hyperframes\ Editor/tally/native/node_modules/@capacitor/app
    write-file /Users/tommiller/Library/Developer/Xcode/DerivedData/App-diekzjczilnndmekcbwxdbymtdym/Build/Intermediates.noindex/ArchiveIntermediates/App/IntermediateBuildFilesPath/CapacitorApp.build/Release-iphoneos/AppPlugin.build/Objects-normal/arm64/AppPlugin.SwiftFileList

WriteAuxiliaryFile /Users/tommiller/Library/Developer/Xcode/DerivedData/App-diekzjczilnndmekcbwxdbymtdym/Build/Intermediates.noindex/ArchiveIntermediates/App/IntermediateBuildFilesPath/CapacitorApp.build/Release-iphoneos/AppPlugin.build/Objects-normal/arm64/AppPlugin.SwiftConstValuesFileList (in target 'AppPlugin' from project 'CapacitorApp')
    cd /Users/tommiller/Documents/Hyperframes\ Editor/tally/native/node_modules/@capacitor/app
    write-file /Users/tommiller/Library/Developer/Xcode/DerivedData/App-diekzjczilnndmekcbwxdbymtdym/Build/Intermediates.noindex/ArchiveIntermediates/App/IntermediateBuildFilesPath/CapacitorApp.build/Release-iphoneos/AppPlugin.build/Objects-normal/arm64/AppPlugin.SwiftConstValuesFileList

WriteAuxiliaryFile /Users/tommiller/Library/Developer/Xcode/DerivedData/App-diekzjczilnndmekcbwxdbymtdym/Build/Intermediates.noindex/ArchiveIntermediates/App/IntermediateBuildFilesPath/CapacitorApp.build/Release-iphoneos/AppPlugin.build/Objects-normal/arm64/AppPlugin.LinkFileList (in target 'AppPlugin' from project 'CapacitorApp')
    cd /Users/tommiller/Documents/Hyperframes\ Editor/tally/native/node_modules/@capacitor/app
    write-file /Users/tommiller/Library/Developer/Xcode/DerivedData/App-diekzjczilnndmekcbwxdbymtdym/Build/Intermediates.noindex/ArchiveIntermediates/App/IntermediateBuildFilesPath/CapacitorApp.build/Release-iphoneos/AppPlugin.build/Objects-normal/arm64/AppPlugin.LinkFileList

WriteAuxiliaryFile /Users/tommiller/Library/Developer/Xcode/DerivedData/App-diekzjczilnndmekcbwxdbymtdym/Build/Intermediates.noindex/ArchiveIntermediates/App/IntermediateBuildFilesPath/CapacitorApp.build/Release-iphoneos/AppPlugin.build/Objects-normal/arm64/AppPlugin_const_extract_protocols.json (in target 'AppPlugin' from project 'CapacitorApp')
    cd /Users/tommiller/Documents/Hyperframes\ Editor/tally/native/node_modules/@capacitor/app
    write-file /Users/tommiller/Library/Developer/Xcode/DerivedData/App-diekzjczilnndmekcbwxdbymtdym/Build/Intermediates.noindex/ArchiveIntermediates/App/IntermediateBuildFilesPath/CapacitorApp.build/Release-iphoneos/AppPlugin.build/Objects-normal/arm64/AppPlugin_const_extract_protocols.json

WriteAuxiliaryFile /Users/tommiller/Library/Developer/Xcode/DerivedData/App-diekzjczilnndmekcbwxdbymtdym/Build/Intermediates.noindex/ArchiveIntermediates/App/IntermediateBuildFilesPath/CapacitorApp.build/Release-iphoneos/AppPlugin.build/Objects-normal/arm64/AppPlugin-OutputFileMap.json (in target 'AppPlugin' from project 'CapacitorApp')
    cd /Users/tommiller/Documents/Hyperframes\ Editor/tally/native/node_modules/@capacitor/app
    write-file /Users/tommiller/Library/Developer/Xcode/DerivedData/App-diekzjczilnndmekcbwxdbymtdym/Build/Intermediates.noindex/ArchiveIntermediates/App/IntermediateBuildFilesPath/CapacitorApp.build/Release-iphoneos/AppPlugin.build/Objects-normal/arm64/AppPlugin-OutputFileMap.json

Copy /Users/tommiller/Library/Developer/Xcode/DerivedData/App-diekzjczilnndmekcbwxdbymtdym/Build/Intermediates.noindex/ArchiveIntermediates/App/IntermediateBuildFilesPath/GeneratedModuleMaps-iphoneos/CapApp-SPM.modulemap /Users/tommiller/Library/Developer/Xcode/DerivedData/App-diekzjczilnndmekcbwxdbymtdym/Build/Intermediates.noindex/ArchiveIntermediates/App/IntermediateBuildFilesPath/CapApp-SPM.build/Release-iphoneos/CapApp-SPM.build/CapApp-SPM.modulemap (in target 'CapApp-SPM' from project 'CapApp-SPM')
    cd /Users/tommiller/Documents/Hyperframes\ Editor/tally/native/ios/App/CapApp-SPM
    builtin-copy -exclude .DS_Store -exclude CVS -exclude .svn -exclude .git -exclude .hg -strip-unsigned-binaries -strip-deterministic -strip-tool /Applications/Xcode.app/Contents/Developer/Toolchains/XcodeDefault.xctoolchain/usr/bin/strip -resolve-src-symlinks /Users/tommiller/Library/Developer/Xcode/DerivedData/App-diekzjczilnndmekcbwxdbymtdym/Build/Intermediates.noindex/ArchiveIntermediates/App/IntermediateBuildFilesPath/CapApp-SPM.build/Release-iphoneos/CapApp-SPM.build/CapApp-SPM.modulemap /Users/tommiller/Library/Developer/Xcode/DerivedData/App-diekzjczilnndmekcbwxdbymtdym/Build/Intermediates.noindex/ArchiveIntermediates/App/IntermediateBuildFilesPath/GeneratedModuleMaps-iphoneos

WriteAuxiliaryFile /Users/tommiller/Library/Developer/Xcode/DerivedData/App-diekzjczilnndmekcbwxdbymtdym/Build/Intermediates.noindex/ArchiveIntermediates/App/IntermediateBuildFilesPath/App.build/Release-iphoneos/App.build/Objects-normal/arm64/App.SwiftConstValuesFileList (in target 'App' from project 'App')
    cd /Users/tommiller/Documents/Hyperframes\ Editor/tally/native/ios/App
    write-file /Users/tommiller/Library/Developer/Xcode/DerivedData/App-diekzjczilnndmekcbwxdbymtdym/Build/Intermediates.noindex/ArchiveIntermediates/App/IntermediateBuildFilesPath/App.build/Release-iphoneos/App.build/Objects-normal/arm64/App.SwiftConstValuesFileList

WriteAuxiliaryFile /Users/tommiller/Library/Developer/Xcode/DerivedData/App-diekzjczilnndmekcbwxdbymtdym/Build/Intermediates.noindex/ArchiveIntermediates/App/IntermediateBuildFilesPath/App.build/Release-iphoneos/App.build/Objects-normal/arm64/App.LinkFileList (in target 'App' from project 'App')
    cd /Users/tommiller/Documents/Hyperframes\ Editor/tally/native/ios/App
    write-file /Users/tommiller/Library/Developer/Xcode/DerivedData/App-diekzjczilnndmekcbwxdbymtdym/Build/Intermediates.noindex/ArchiveIntermediates/App/IntermediateBuildFilesPath/App.build/Release-iphoneos/App.build/Objects-normal/arm64/App.LinkFileList

WriteAuxiliaryFile /Users/tommiller/Library/Developer/Xcode/DerivedData/App-diekzjczilnndmekcbwxdbymtdym/Build/Intermediates.noindex/ArchiveIntermediates/App/IntermediateBuildFilesPath/App.build/Release-iphoneos/App.build/Objects-normal/arm64/App-OutputFileMap.json (in target 'App' from project 'App')
    cd /Users/tommiller/Documents/Hyperframes\ Editor/tally/native/ios/App
    write-file /Users/tommiller/Library/Developer/Xcode/DerivedData/App-diekzjczilnndmekcbwxdbymtdym/Build/Intermediates.noindex/ArchiveIntermediates/App/IntermediateBuildFilesPath/App.build/Release-iphoneos/App.build/Objects-normal/arm64/App-OutputFileMap.json

WriteAuxiliaryFile /Users/tommiller/Library/Developer/Xcode/DerivedData/App-diekzjczilnndmekcbwxdbymtdym/Build/Intermediates.noindex/ArchiveIntermediates/App/IntermediateBuildFilesPath/App.build/Release-iphoneos/App.build/App.hmap (in target 'App' from project 'App')
    cd /Users/tommiller/Documents/Hyperframes\ Editor/tally/native/ios/App
    write-file /Users/tommiller/Library/Developer/Xcode/DerivedData/App-diekzjczilnndmekcbwxdbymtdym/Build/Intermediates.noindex/ArchiveIntermediates/App/IntermediateBuildFilesPath/App.build/Release-iphoneos/App.build/App.hmap

WriteAuxiliaryFile /Users/tommiller/Library/Developer/Xcode/DerivedData/App-diekzjczilnndmekcbwxdbymtdym/Build/Intermediates.noindex/ArchiveIntermediates/App/IntermediateBuildFilesPath/App.build/Release-iphoneos/App.build/App.DependencyStaticMetadataFileList (in target 'App' from project 'App')
    cd /Users/tommiller/Documents/Hyperframes\ Editor/tally/native/ios/App
    write-file /Users/tommiller/Library/Developer/Xcode/DerivedData/App-diekzjczilnndmekcbwxdbymtdym/Build/Intermediates.noindex/ArchiveIntermediates/App/IntermediateBuildFilesPath/App.build/Release-iphoneos/App.build/App.DependencyStaticMetadataFileList

WriteAuxiliaryFile /Users/tommiller/Library/Developer/Xcode/DerivedData/App-diekzjczilnndmekcbwxdbymtdym/Build/Intermediates.noindex/ArchiveIntermediates/App/IntermediateBuildFilesPath/App.build/Release-iphoneos/App.build/App.DependencyMetadataFileList (in target 'App' from project 'App')
    cd /Users/tommiller/Documents/Hyperframes\ Editor/tally/native/ios/App
    write-file /Users/tommiller/Library/Developer/Xcode/DerivedData/App-diekzjczilnndmekcbwxdbymtdym/Build/Intermediates.noindex/ArchiveIntermediates/App/IntermediateBuildFilesPath/App.build/Release-iphoneos/App.build/App.DependencyMetadataFileList

WriteAuxiliaryFile /Users/tommiller/Library/Developer/Xcode/DerivedData/App-diekzjczilnndmekcbwxdbymtdym/Build/Intermediates.noindex/ArchiveIntermediates/App/IntermediateBuildFilesPath/App.build/Release-iphoneos/App.build/App-project-headers.hmap (in target 'App' from project 'App')
    cd /Users/tommiller/Documents/Hyperframes\ Editor/tally/native/ios/App
    write-file /Users/tommiller/Library/Developer/Xcode/DerivedData/App-diekzjczilnndmekcbwxdbymtdym/Build/Intermediates.noindex/ArchiveIntermediates/App/IntermediateBuildFilesPath/App.build/Release-iphoneos/App.build/App-project-headers.hmap

WriteAuxiliaryFile /Users/tommiller/Library/Developer/Xcode/DerivedData/App-diekzjczilnndmekcbwxdbymtdym/Build/Intermediates.noindex/ArchiveIntermediates/App/IntermediateBuildFilesPath/App.build/Release-iphoneos/App.build/App-own-target-headers.hmap (in target 'App' from project 'App')
    cd /Users/tommiller/Documents/Hyperframes\ Editor/tally/native/ios/App
    write-file /Users/tommiller/Library/Developer/Xcode/DerivedData/App-diekzjczilnndmekcbwxdbymtdym/Build/Intermediates.noindex/ArchiveIntermediates/App/IntermediateBuildFilesPath/App.build/Release-iphoneos/App.build/App-own-target-headers.hmap

WriteAuxiliaryFile /Users/tommiller/Library/Developer/Xcode/DerivedData/App-diekzjczilnndmekcbwxdbymtdym/Build/Intermediates.noindex/ArchiveIntermediates/App/IntermediateBuildFilesPath/App.build/Release-iphoneos/App.build/App-generated-files.hmap (in target 'App' from project 'App')
    cd /Users/tommiller/Documents/Hyperframes\ Editor/tally/native/ios/App
    write-file /Users/tommiller/Library/Developer/Xcode/DerivedData/App-diekzjczilnndmekcbwxdbymtdym/Build/Intermediates.noindex/ArchiveIntermediates/App/IntermediateBuildFilesPath/App.build/Release-iphoneos/App.build/App-generated-files.hmap

WriteAuxiliaryFile /Users/tommiller/Library/Developer/Xcode/DerivedData/App-diekzjczilnndmekcbwxdbymtdym/Build/Intermediates.noindex/ArchiveIntermediates/App/IntermediateBuildFilesPath/App.build/Release-iphoneos/App.build/DerivedSources/Entitlements.plist (in target 'App' from project 'App')
    cd /Users/tommiller/Documents/Hyperframes\ Editor/tally/native/ios/App
    write-file /Users/tommiller/Library/Developer/Xcode/DerivedData/App-diekzjczilnndmekcbwxdbymtdym/Build/Intermediates.noindex/ArchiveIntermediates/App/IntermediateBuildFilesPath/App.build/Release-iphoneos/App.build/DerivedSources/Entitlements.plist

Copy /Users/tommiller/Library/Developer/Xcode/DerivedData/App-diekzjczilnndmekcbwxdbymtdym/Build/Intermediates.noindex/ArchiveIntermediates/App/IntermediateBuildFilesPath/GeneratedModuleMaps-iphoneos/AppPlugin.modulemap /Users/tommiller/Library/Developer/Xcode/DerivedData/App-diekzjczilnndmekcbwxdbymtdym/Build/Intermediates.noindex/ArchiveIntermediates/App/IntermediateBuildFilesPath/CapacitorApp.build/Release-iphoneos/AppPlugin.build/AppPlugin.modulemap (in target 'AppPlugin' from project 'CapacitorApp')
    cd /Users/tommiller/Documents/Hyperframes\ Editor/tally/native/node_modules/@capacitor/app
    builtin-copy -exclude .DS_Store -exclude CVS -exclude .svn -exclude .git -exclude .hg -strip-unsigned-binaries -strip-deterministic -strip-tool /Applications/Xcode.app/Contents/Developer/Toolchains/XcodeDefault.xctoolchain/usr/bin/strip -resolve-src-symlinks /Users/tommiller/Library/Developer/Xcode/DerivedData/App-diekzjczilnndmekcbwxdbymtdym/Build/Intermediates.noindex/ArchiveIntermediates/App/IntermediateBuildFilesPath/CapacitorApp.build/Release-iphoneos/AppPlugin.build/AppPlugin.modulemap /Users/tommiller/Library/Developer/Xcode/DerivedData/App-diekzjczilnndmekcbwxdbymtdym/Build/Intermediates.noindex/ArchiveIntermediates/App/IntermediateBuildFilesPath/GeneratedModuleMaps-iphoneos

WriteAuxiliaryFile /Users/tommiller/Library/Developer/Xcode/DerivedData/App-diekzjczilnndmekcbwxdbymtdym/Build/Intermediates.noindex/ArchiveIntermediates/App/IntermediateBuildFilesPath/App.build/Release-iphoneos/App.build/App-all-target-headers.hmap (in target 'App' from project 'App')
    cd /Users/tommiller/Documents/Hyperframes\ Editor/tally/native/ios/App
    write-file /Users/tommiller/Library/Developer/Xcode/DerivedData/App-diekzjczilnndmekcbwxdbymtdym/Build/Intermediates.noindex/ArchiveIntermediates/App/IntermediateBuildFilesPath/App.build/Release-iphoneos/App.build/App-all-target-headers.hmap

WriteAuxiliaryFile /Users/tommiller/Library/Developer/Xcode/DerivedData/App-diekzjczilnndmekcbwxdbymtdym/Build/Intermediates.noindex/ArchiveIntermediates/App/IntermediateBuildFilesPath/App.build/Release-iphoneos/App.build/App-all-non-framework-target-headers.hmap (in target 'App' from project 'App')
    cd /Users/tommiller/Documents/Hyperframes\ Editor/tally/native/ios/App
    write-file /Users/tommiller/Library/Developer/Xcode/DerivedData/App-diekzjczilnndmekcbwxdbymtdym/Build/Intermediates.noindex/ArchiveIntermediates/App/IntermediateBuildFilesPath/App.build/Release-iphoneos/App.build/App-all-non-framework-target-headers.hmap

SymLink /Users/tommiller/Library/Developer/Xcode/DerivedData/App-diekzjczilnndmekcbwxdbymtdym/Build/Intermediates.noindex/ArchiveIntermediates/App/BuildProductsPath/Release-iphoneos/CapApp-SPM.o ../../IntermediateBuildFilesPath/UninstalledProducts/iphoneos/CapApp-SPM.o (in target 'CapApp-SPM' from project 'CapApp-SPM')
    cd /Users/tommiller/Documents/Hyperframes\ Editor/tally/native/ios/App/CapApp-SPM
    /bin/ln -sfh ../../IntermediateBuildFilesPath/UninstalledProducts/iphoneos/CapApp-SPM.o /Users/tommiller/Library/Developer/Xcode/DerivedData/App-diekzjczilnndmekcbwxdbymtdym/Build/Intermediates.noindex/ArchiveIntermediates/App/BuildProductsPath/Release-iphoneos/CapApp-SPM.o

SymLink /Users/tommiller/Library/Developer/Xcode/DerivedData/App-diekzjczilnndmekcbwxdbymtdym/Build/Intermediates.noindex/ArchiveIntermediates/App/BuildProductsPath/Release-iphoneos/AppPlugin.o ../../IntermediateBuildFilesPath/UninstalledProducts/iphoneos/AppPlugin.o (in target 'AppPlugin' from project 'CapacitorApp')
    cd /Users/tommiller/Documents/Hyperframes\ Editor/tally/native/node_modules/@capacitor/app
    /bin/ln -sfh ../../IntermediateBuildFilesPath/UninstalledProducts/iphoneos/AppPlugin.o /Users/tommiller/Library/Developer/Xcode/DerivedData/App-diekzjczilnndmekcbwxdbymtdym/Build/Intermediates.noindex/ArchiveIntermediates/App/BuildProductsPath/Release-iphoneos/AppPlugin.o

SymLink /Users/tommiller/Library/Developer/Xcode/DerivedData/App-diekzjczilnndmekcbwxdbymtdym/Build/Intermediates.noindex/ArchiveIntermediates/App/BuildProductsPath/Release-iphoneos/App.app ../../InstallationBuildProductsLocation/Applications/App.app (in target 'App' from project 'App')
    cd /Users/tommiller/Documents/Hyperframes\ Editor/tally/native/ios/App
    /bin/ln -sfh ../../InstallationBuildProductsLocation/Applications/App.app /Users/tommiller/Library/Developer/Xcode/DerivedData/App-diekzjczilnndmekcbwxdbymtdym/Build/Intermediates.noindex/ArchiveIntermediates/App/BuildProductsPath/Release-iphoneos/App.app

MkDir /Users/tommiller/Library/Developer/Xcode/DerivedData/App-diekzjczilnndmekcbwxdbymtdym/Build/Intermediates.noindex/ArchiveIntermediates/App/InstallationBuildProductsLocation/Applications/App.app (in target 'App' from project 'App')
    cd /Users/tommiller/Documents/Hyperframes\ Editor/tally/native/ios/App
    /bin/mkdir -p /Users/tommiller/Library/Developer/Xcode/DerivedData/App-diekzjczilnndmekcbwxdbymtdym/Build/Intermediates.noindex/ArchiveIntermediates/App/InstallationBuildProductsLocation/Applications/App.app

MkDir /Users/tommiller/Library/Developer/Xcode/DerivedData/App-diekzjczilnndmekcbwxdbymtdym/Build/Intermediates.noindex/ArchiveIntermediates/App/InstallationBuildProductsLocation/Applications/App.app/Frameworks (in target 'App' from project 'App')
    cd /Users/tommiller/Documents/Hyperframes\ Editor/tally/native/ios/App
    /bin/mkdir -p /Users/tommiller/Library/Developer/Xcode/DerivedData/App-diekzjczilnndmekcbwxdbymtdym/Build/Intermediates.noindex/ArchiveIntermediates/App/InstallationBuildProductsLocation/Applications/App.app/Frameworks

SwiftDriver LocalNotificationsPlugin normal arm64 com.apple.xcode.tools.swift.compiler (in target 'LocalNotificationsPlugin' from project 'CapacitorLocalNotifications')
    cd /Users/tommiller/Documents/Hyperframes\ Editor/tally/native/ios/App/App.xcodeproj
    builtin-SwiftDriver -- /Applications/Xcode.app/Contents/Developer/Toolchains/XcodeDefault.xctoolchain/usr/bin/swiftc -module-name LocalNotificationsPlugin -O -whole-module-optimization @/Users/tommiller/Library/Developer/Xcode/DerivedData/App-diekzjczilnndmekcbwxdbymtdym/Build/Intermediates.noindex/ArchiveIntermediates/App/IntermediateBuildFilesPath/CapacitorLocalNotifications.build/Release-iphoneos/LocalNotificationsPlugin.build/Objects-normal/arm64/LocalNotificationsPlugin.SwiftFileList -DSWIFT_PACKAGE -DSWIFT_MODULE_RESOURCE_BUNDLE_UNAVAILABLE -DXcode -plugin-path /Applications/Xcode.app/Contents/Developer/Toolchains/XcodeDefault.xctoolchain/usr/lib/swift/host/plugins/testing -enable-experimental-feature DebugDescriptionMacro -sdk /Applications/Xcode.app/Contents/Developer/Platforms/iPhoneOS.platform/Developer/SDKs/iPhoneOS26.5.sdk -target arm64-apple-ios15.0 -g -module-cache-path /Users/tommiller/Library/Developer/Xcode/DerivedData/ModuleCache.noindex -Xfrontend -serialize-debugging-options -suppress-warnings -swift-version 5 -I /Users/tommiller/Library/Developer/Xcode/DerivedData/App-diekzjczilnndmekcbwxdbymtdym/Build/Intermediates.noindex/ArchiveIntermediates/App/BuildProductsPath/Release-iphoneos -Isystem /Applications/Xcode.app/Contents/Developer/Platforms/iPhoneOS.platform/Developer/usr/lib -F /Users/tommiller/Library/Developer/Xcode/DerivedData/App-diekzjczilnndmekcbwxdbymtdym/Build/Intermediates.noindex/ArchiveIntermediates/App/BuildProductsPath/Release-iphoneos -F /Applications/Xcode.app/Contents/Developer/Platforms/iPhoneOS.platform/Developer/Library/Frameworks -F /Applications/Xcode.app/Contents/Developer/Platforms/iPhoneOS.platform/Developer/SDKs/iPhoneOS26.5.sdk/Developer/Library/Frameworks -c -num-threads 16 -Xcc -ivfsstatcache -Xcc /Users/tommiller/Library/Developer/Xcode/DerivedData/SDKStatCaches.noindex/iphoneos26.5-23F81a-32daed1954a7d5dd0789fcaf2a9bb78b.sdkstatcache -output-file-map /Users/tommiller/Library/Developer/Xcode/DerivedData/App-diekzjczilnndmekcbwxdbymtdym/Build/Intermediates.noindex/ArchiveIntermediates/App/IntermediateBuildFilesPath/CapacitorLocalNotifications.build/Release-iphoneos/LocalNotificationsPlugin.build/Objects-normal/arm64/LocalNotificationsPlugin-OutputFileMap.json -use-frontend-parseable-output -save-temps -no-color-diagnostics -explicit-module-build -module-cache-path /Users/tommiller/Library/Developer/Xcode/DerivedData/App-diekzjczilnndmekcbwxdbymtdym/Build/Intermediates.noindex/ArchiveIntermediates/App/IntermediateBuildFilesPath/SwiftExplicitPrecompiledModules -clang-scanner-module-cache-path /Users/tommiller/Library/Developer/Xcode/DerivedData/ModuleCache.noindex -sdk-module-cache-path /Users/tommiller/Library/Developer/Xcode/DerivedData/ModuleCache.noindex -serialize-diagnostics -emit-dependencies -emit-module -emit-module-path /Users/tommiller/Library/Developer/Xcode/DerivedData/App-diekzjczilnndmekcbwxdbymtdym/Build/Intermediates.noindex/ArchiveIntermediates/App/IntermediateBuildFilesPath/CapacitorLocalNotifications.build/Release-iphoneos/LocalNotificationsPlugin.build/Objects-normal/arm64/LocalNotificationsPlugin.swiftmodule -validate-clang-modules-once -clang-build-session-file /Users/tommiller/Library/Developer/Xcode/DerivedData/ModuleCache.noindex/Session.modulevalidation -package-name local_notifications -Xcc -I/Users/tommiller/Library/Developer/Xcode/DerivedData/App-diekzjczilnndmekcbwxdbymtdym/Build/Intermediates.noindex/ArchiveIntermediates/App/IntermediateBuildFilesPath/CapacitorLocalNotifications.build/Release-iphoneos/LocalNotificationsPlugin.build/swift-overrides.hmap -emit-const-values -Xfrontend -const-gather-protocols-file -Xfrontend /Users/tommiller/Library/Developer/Xcode/DerivedData/App-diekzjczilnndmekcbwxdbymtdym/Build/Intermediates.noindex/ArchiveIntermediates/App/IntermediateBuildFilesPath/CapacitorLocalNotifications.build/Release-iphoneos/LocalNotificationsPlugin.build/Objects-normal/arm64/LocalNotificationsPlugin_const_extract_protocols.json -Xcc -I/Users/tommiller/Library/Developer/Xcode/DerivedData/App-diekzjczilnndmekcbwxdbymtdym/Build/Intermediates.noindex/ArchiveIntermediates/App/BuildProductsPath/Release-iphoneos/include -Xcc -I/Users/tommiller/Library/Developer/Xcode/DerivedData/App-diekzjczilnndmekcbwxdbymtdym/Build/Intermediates.noindex/ArchiveIntermediates/App/IntermediateBuildFilesPath/CapacitorLocalNotifications.build/Release-iphoneos/LocalNotificationsPlugin.build/DerivedSources-normal/arm64 -Xcc -I/Users/tommiller/Library/Developer/Xcode/DerivedData/App-diekzjczilnndmekcbwxdbymtdym/Build/Intermediates.noindex/ArchiveIntermediates/App/IntermediateBuildFilesPath/CapacitorLocalNotifications.build/Release-iphoneos/LocalNotificationsPlugin.build/DerivedSources/arm64 -Xcc -I/Users/tommiller/Library/Developer/Xcode/DerivedData/App-diekzjczilnndmekcbwxdbymtdym/Build/Intermediates.noindex/ArchiveIntermediates/App/IntermediateBuildFilesPath/CapacitorLocalNotifications.build/Release-iphoneos/LocalNotificationsPlugin.build/DerivedSources -Xcc -DSWIFT_PACKAGE -emit-objc-header -emit-objc-header-path /Users/tommiller/Library/Developer/Xcode/DerivedData/App-diekzjczilnndmekcbwxdbymtdym/Build/Intermediates.noindex/ArchiveIntermediates/App/IntermediateBuildFilesPath/CapacitorLocalNotifications.build/Release-iphoneos/LocalNotificationsPlugin.build/Objects-normal/arm64/LocalNotificationsPlugin-Swift.h -working-directory /Users/tommiller/Documents/Hyperframes\ Editor/tally/native/ios/App/App.xcodeproj -no-emit-module-separately-wmo

SwiftDriver AppPlugin normal arm64 com.apple.xcode.tools.swift.compiler (in target 'AppPlugin' from project 'CapacitorApp')
    cd /Users/tommiller/Documents/Hyperframes\ Editor/tally/native/ios/App/App.xcodeproj
    builtin-SwiftDriver -- /Applications/Xcode.app/Contents/Developer/Toolchains/XcodeDefault.xctoolchain/usr/bin/swiftc -module-name AppPlugin -O -whole-module-optimization @/Users/tommiller/Library/Developer/Xcode/DerivedData/App-diekzjczilnndmekcbwxdbymtdym/Build/Intermediates.noindex/ArchiveIntermediates/App/IntermediateBuildFilesPath/CapacitorApp.build/Release-iphoneos/AppPlugin.build/Objects-normal/arm64/AppPlugin.SwiftFileList -DSWIFT_PACKAGE -DSWIFT_MODULE_RESOURCE_BUNDLE_UNAVAILABLE -DXcode -plugin-path /Applications/Xcode.app/Contents/Developer/Toolchains/XcodeDefault.xctoolchain/usr/lib/swift/host/plugins/testing -enable-experimental-feature DebugDescriptionMacro -sdk /Applications/Xcode.app/Contents/Developer/Platforms/iPhoneOS.platform/Developer/SDKs/iPhoneOS26.5.sdk -target arm64-apple-ios15.0 -g -module-cache-path /Users/tommiller/Library/Developer/Xcode/DerivedData/ModuleCache.noindex -Xfrontend -serialize-debugging-options -suppress-warnings -swift-version 5 -I /Users/tommiller/Library/Developer/Xcode/DerivedData/App-diekzjczilnndmekcbwxdbymtdym/Build/Intermediates.noindex/ArchiveIntermediates/App/BuildProductsPath/Release-iphoneos -Isystem /Applications/Xcode.app/Contents/Developer/Platforms/iPhoneOS.platform/Developer/usr/lib -F /Users/tommiller/Library/Developer/Xcode/DerivedData/App-diekzjczilnndmekcbwxdbymtdym/Build/Intermediates.noindex/ArchiveIntermediates/App/BuildProductsPath/Release-iphoneos -F /Applications/Xcode.app/Contents/Developer/Platforms/iPhoneOS.platform/Developer/Library/Frameworks -F /Applications/Xcode.app/Contents/Developer/Platforms/iPhoneOS.platform/Developer/SDKs/iPhoneOS26.5.sdk/Developer/Library/Frameworks -parse-as-library -c -num-threads 16 -Xcc -ivfsstatcache -Xcc /Users/tommiller/Library/Developer/Xcode/DerivedData/SDKStatCaches.noindex/iphoneos26.5-23F81a-32daed1954a7d5dd0789fcaf2a9bb78b.sdkstatcache -output-file-map /Users/tommiller/Library/Developer/Xcode/DerivedData/App-diekzjczilnndmekcbwxdbymtdym/Build/Intermediates.noindex/ArchiveIntermediates/App/IntermediateBuildFilesPath/CapacitorApp.build/Release-iphoneos/AppPlugin.build/Objects-normal/arm64/AppPlugin-OutputFileMap.json -use-frontend-parseable-output -save-temps -no-color-diagnostics -explicit-module-build -module-cache-path /Users/tommiller/Library/Developer/Xcode/DerivedData/App-diekzjczilnndmekcbwxdbymtdym/Build/Intermediates.noindex/ArchiveIntermediates/App/IntermediateBuildFilesPath/SwiftExplicitPrecompiledModules -clang-scanner-module-cache-path /Users/tommiller/Library/Developer/Xcode/DerivedData/ModuleCache.noindex -sdk-module-cache-path /Users/tommiller/Library/Developer/Xcode/DerivedData/ModuleCache.noindex -serialize-diagnostics -emit-dependencies -emit-module -emit-module-path /Users/tommiller/Library/Developer/Xcode/DerivedData/App-diekzjczilnndmekcbwxdbymtdym/Build/Intermediates.noindex/ArchiveIntermediates/App/IntermediateBuildFilesPath/CapacitorApp.build/Release-iphoneos/AppPlugin.build/Objects-normal/arm64/AppPlugin.swiftmodule -validate-clang-modules-once -clang-build-session-file /Users/tommiller/Library/Developer/Xcode/DerivedData/ModuleCache.noindex/Session.modulevalidation -package-name app -Xcc -I/Users/tommiller/Library/Developer/Xcode/DerivedData/App-diekzjczilnndmekcbwxdbymtdym/Build/Intermediates.noindex/ArchiveIntermediates/App/IntermediateBuildFilesPath/CapacitorApp.build/Release-iphoneos/AppPlugin.build/swift-overrides.hmap -emit-const-values -Xfrontend -const-gather-protocols-file -Xfrontend /Users/tommiller/Library/Developer/Xcode/DerivedData/App-diekzjczilnndmekcbwxdbymtdym/Build/Intermediates.noindex/ArchiveIntermediates/App/IntermediateBuildFilesPath/CapacitorApp.build/Release-iphoneos/AppPlugin.build/Objects-normal/arm64/AppPlugin_const_extract_protocols.json -Xcc -I/Users/tommiller/Library/Developer/Xcode/DerivedData/App-diekzjczilnndmekcbwxdbymtdym/Build/Intermediates.noindex/ArchiveIntermediates/App/BuildProductsPath/Release-iphoneos/include -Xcc -I/Users/tommiller/Library/Developer/Xcode/DerivedData/App-diekzjczilnndmekcbwxdbymtdym/Build/Intermediates.noindex/ArchiveIntermediates/App/IntermediateBuildFilesPath/CapacitorApp.build/Release-iphoneos/AppPlugin.build/DerivedSources-normal/arm64 -Xcc -I/Users/tommiller/Library/Developer/Xcode/DerivedData/App-diekzjczilnndmekcbwxdbymtdym/Build/Intermediates.noindex/ArchiveIntermediates/App/IntermediateBuildFilesPath/CapacitorApp.build/Release-iphoneos/AppPlugin.build/DerivedSources/arm64 -Xcc -I/Users/tommiller/Library/Developer/Xcode/DerivedData/App-diekzjczilnndmekcbwxdbymtdym/Build/Intermediates.noindex/ArchiveIntermediates/App/IntermediateBuildFilesPath/CapacitorApp.build/Release-iphoneos/AppPlugin.build/DerivedSources -Xcc -DSWIFT_PACKAGE -emit-objc-header -emit-objc-header-path /Users/tommiller/Library/Developer/Xcode/DerivedData/App-diekzjczilnndmekcbwxdbymtdym/Build/Intermediates.noindex/ArchiveIntermediates/App/IntermediateBuildFilesPath/CapacitorApp.build/Release-iphoneos/AppPlugin.build/Objects-normal/arm64/AppPlugin-Swift.h -working-directory /Users/tommiller/Documents/Hyperframes\ Editor/tally/native/ios/App/App.xcodeproj -no-emit-module-separately-wmo

SwiftDriver\ Compilation LocalNotificationsPlugin normal arm64 com.apple.xcode.tools.swift.compiler (in target 'LocalNotificationsPlugin' from project 'CapacitorLocalNotifications')
    cd /Users/tommiller/Documents/Hyperframes\ Editor/tally/native/ios/App/App.xcodeproj
    builtin-Swift-Compilation -- /Applications/Xcode.app/Contents/Developer/Toolchains/XcodeDefault.xctoolchain/usr/bin/swiftc -module-name LocalNotificationsPlugin -O -whole-module-optimization @/Users/tommiller/Library/Developer/Xcode/DerivedData/App-diekzjczilnndmekcbwxdbymtdym/Build/Intermediates.noindex/ArchiveIntermediates/App/IntermediateBuildFilesPath/CapacitorLocalNotifications.build/Release-iphoneos/LocalNotificationsPlugin.build/Objects-normal/arm64/LocalNotificationsPlugin.SwiftFileList -DSWIFT_PACKAGE -DSWIFT_MODULE_RESOURCE_BUNDLE_UNAVAILABLE -DXcode -plugin-path /Applications/Xcode.app/Contents/Developer/Toolchains/XcodeDefault.xctoolchain/usr/lib/swift/host/plugins/testing -enable-experimental-feature DebugDescriptionMacro -sdk /Applications/Xcode.app/Contents/Developer/Platforms/iPhoneOS.platform/Developer/SDKs/iPhoneOS26.5.sdk -target arm64-apple-ios15.0 -g -module-cache-path /Users/tommiller/Library/Developer/Xcode/DerivedData/ModuleCache.noindex -Xfrontend -serialize-debugging-options -suppress-warnings -swift-version 5 -I /Users/tommiller/Library/Developer/Xcode/DerivedData/App-diekzjczilnndmekcbwxdbymtdym/Build/Intermediates.noindex/ArchiveIntermediates/App/BuildProductsPath/Release-iphoneos -Isystem /Applications/Xcode.app/Contents/Developer/Platforms/iPhoneOS.platform/Developer/usr/lib -F /Users/tommiller/Library/Developer/Xcode/DerivedData/App-diekzjczilnndmekcbwxdbymtdym/Build/Intermediates.noindex/ArchiveIntermediates/App/BuildProductsPath/Release-iphoneos -F /Applications/Xcode.app/Contents/Developer/Platforms/iPhoneOS.platform/Developer/Library/Frameworks -F /Applications/Xcode.app/Contents/Developer/Platforms/iPhoneOS.platform/Developer/SDKs/iPhoneOS26.5.sdk/Developer/Library/Frameworks -c -num-threads 16 -Xcc -ivfsstatcache -Xcc /Users/tommiller/Library/Developer/Xcode/DerivedData/SDKStatCaches.noindex/iphoneos26.5-23F81a-32daed1954a7d5dd0789fcaf2a9bb78b.sdkstatcache -output-file-map /Users/tommiller/Library/Developer/Xcode/DerivedData/App-diekzjczilnndmekcbwxdbymtdym/Build/Intermediates.noindex/ArchiveIntermediates/App/IntermediateBuildFilesPath/CapacitorLocalNotifications.build/Release-iphoneos/LocalNotificationsPlugin.build/Objects-normal/arm64/LocalNotificationsPlugin-OutputFileMap.json -use-frontend-parseable-output -save-temps -no-color-diagnostics -explicit-module-build -module-cache-path /Users/tommiller/Library/Developer/Xcode/DerivedData/App-diekzjczilnndmekcbwxdbymtdym/Build/Intermediates.noindex/ArchiveIntermediates/App/IntermediateBuildFilesPath/SwiftExplicitPrecompiledModules -clang-scanner-module-cache-path /Users/tommiller/Library/Developer/Xcode/DerivedData/ModuleCache.noindex -sdk-module-cache-path /Users/tommiller/Library/Developer/Xcode/DerivedData/ModuleCache.noindex -serialize-diagnostics -emit-dependencies -emit-module -emit-module-path /Users/tommiller/Library/Developer/Xcode/DerivedData/App-diekzjczilnndmekcbwxdbymtdym/Build/Intermediates.noindex/ArchiveIntermediates/App/IntermediateBuildFilesPath/CapacitorLocalNotifications.build/Release-iphoneos/LocalNotificationsPlugin.build/Objects-normal/arm64/LocalNotificationsPlugin.swiftmodule -validate-clang-modules-once -clang-build-session-file /Users/tommiller/Library/Developer/Xcode/DerivedData/ModuleCache.noindex/Session.modulevalidation -package-name local_notifications -Xcc -I/Users/tommiller/Library/Developer/Xcode/DerivedData/App-diekzjczilnndmekcbwxdbymtdym/Build/Intermediates.noindex/ArchiveIntermediates/App/IntermediateBuildFilesPath/CapacitorLocalNotifications.build/Release-iphoneos/LocalNotificationsPlugin.build/swift-overrides.hmap -emit-const-values -Xfrontend -const-gather-protocols-file -Xfrontend /Users/tommiller/Library/Developer/Xcode/DerivedData/App-diekzjczilnndmekcbwxdbymtdym/Build/Intermediates.noindex/ArchiveIntermediates/App/IntermediateBuildFilesPath/CapacitorLocalNotifications.build/Release-iphoneos/LocalNotificationsPlugin.build/Objects-normal/arm64/LocalNotificationsPlugin_const_extract_protocols.json -Xcc -I/Users/tommiller/Library/Developer/Xcode/DerivedData/App-diekzjczilnndmekcbwxdbymtdym/Build/Intermediates.noindex/ArchiveIntermediates/App/BuildProductsPath/Release-iphoneos/include -Xcc -I/Users/tommiller/Library/Developer/Xcode/DerivedData/App-diekzjczilnndmekcbwxdbymtdym/Build/Intermediates.noindex/ArchiveIntermediates/App/IntermediateBuildFilesPath/CapacitorLocalNotifications.build/Release-iphoneos/LocalNotificationsPlugin.build/DerivedSources-normal/arm64 -Xcc -I/Users/tommiller/Library/Developer/Xcode/DerivedData/App-diekzjczilnndmekcbwxdbymtdym/Build/Intermediates.noindex/ArchiveIntermediates/App/IntermediateBuildFilesPath/CapacitorLocalNotifications.build/Release-iphoneos/LocalNotificationsPlugin.build/DerivedSources/arm64 -Xcc -I/Users/tommiller/Library/Developer/Xcode/DerivedData/App-diekzjczilnndmekcbwxdbymtdym/Build/Intermediates.noindex/ArchiveIntermediates/App/IntermediateBuildFilesPath/CapacitorLocalNotifications.build/Release-iphoneos/LocalNotificationsPlugin.build/DerivedSources -Xcc -DSWIFT_PACKAGE -emit-objc-header -emit-objc-header-path /Users/tommiller/Library/Developer/Xcode/DerivedData/App-diekzjczilnndmekcbwxdbymtdym/Build/Intermediates.noindex/ArchiveIntermediates/App/IntermediateBuildFilesPath/CapacitorLocalNotifications.build/Release-iphoneos/LocalNotificationsPlugin.build/Objects-normal/arm64/LocalNotificationsPlugin-Swift.h -working-directory /Users/tommiller/Documents/Hyperframes\ Editor/tally/native/ios/App/App.xcodeproj -no-emit-module-separately-wmo

SwiftExplicitDependencyGeneratePcm arm64 /Users/tommiller/Library/Developer/Xcode/DerivedData/App-diekzjczilnndmekcbwxdbymtdym/Build/Intermediates.noindex/ArchiveIntermediates/App/IntermediateBuildFilesPath/SwiftExplicitPrecompiledModules/Cordova-CIOEUY2GGMOPQHD0W2CH3W1C6.pcm

SwiftDriver\ Compilation AppPlugin normal arm64 com.apple.xcode.tools.swift.compiler (in target 'AppPlugin' from project 'CapacitorApp')
    cd /Users/tommiller/Documents/Hyperframes\ Editor/tally/native/ios/App/App.xcodeproj
    builtin-Swift-Compilation -- /Applications/Xcode.app/Contents/Developer/Toolchains/XcodeDefault.xctoolchain/usr/bin/swiftc -module-name AppPlugin -O -whole-module-optimization @/Users/tommiller/Library/Developer/Xcode/DerivedData/App-diekzjczilnndmekcbwxdbymtdym/Build/Intermediates.noindex/ArchiveIntermediates/App/IntermediateBuildFilesPath/CapacitorApp.build/Release-iphoneos/AppPlugin.build/Objects-normal/arm64/AppPlugin.SwiftFileList -DSWIFT_PACKAGE -DSWIFT_MODULE_RESOURCE_BUNDLE_UNAVAILABLE -DXcode -plugin-path /Applications/Xcode.app/Contents/Developer/Toolchains/XcodeDefault.xctoolchain/usr/lib/swift/host/plugins/testing -enable-experimental-feature DebugDescriptionMacro -sdk /Applications/Xcode.app/Contents/Developer/Platforms/iPhoneOS.platform/Developer/SDKs/iPhoneOS26.5.sdk -target arm64-apple-ios15.0 -g -module-cache-path /Users/tommiller/Library/Developer/Xcode/DerivedData/ModuleCache.noindex -Xfrontend -serialize-debugging-options -suppress-warnings -swift-version 5 -I /Users/tommiller/Library/Developer/Xcode/DerivedData/App-diekzjczilnndmekcbwxdbymtdym/Build/Intermediates.noindex/ArchiveIntermediates/App/BuildProductsPath/Release-iphoneos -Isystem /Applications/Xcode.app/Contents/Developer/Platforms/iPhoneOS.platform/Developer/usr/lib -F /Users/tommiller/Library/Developer/Xcode/DerivedData/App-diekzjczilnndmekcbwxdbymtdym/Build/Intermediates.noindex/ArchiveIntermediates/App/BuildProductsPath/Release-iphoneos -F /Applications/Xcode.app/Contents/Developer/Platforms/iPhoneOS.platform/Developer/Library/Frameworks -F /Applications/Xcode.app/Contents/Developer/Platforms/iPhoneOS.platform/Developer/SDKs/iPhoneOS26.5.sdk/Developer/Library/Frameworks -parse-as-library -c -num-threads 16 -Xcc -ivfsstatcache -Xcc /Users/tommiller/Library/Developer/Xcode/DerivedData/SDKStatCaches.noindex/iphoneos26.5-23F81a-32daed1954a7d5dd0789fcaf2a9bb78b.sdkstatcache -output-file-map /Users/tommiller/Library/Developer/Xcode/DerivedData/App-diekzjczilnndmekcbwxdbymtdym/Build/Intermediates.noindex/ArchiveIntermediates/App/IntermediateBuildFilesPath/CapacitorApp.build/Release-iphoneos/AppPlugin.build/Objects-normal/arm64/AppPlugin-OutputFileMap.json -use-frontend-parseable-output -save-temps -no-color-diagnostics -explicit-module-build -module-cache-path /Users/tommiller/Library/Developer/Xcode/DerivedData/App-diekzjczilnndmekcbwxdbymtdym/Build/Intermediates.noindex/ArchiveIntermediates/App/IntermediateBuildFilesPath/SwiftExplicitPrecompiledModules -clang-scanner-module-cache-path /Users/tommiller/Library/Developer/Xcode/DerivedData/ModuleCache.noindex -sdk-module-cache-path /Users/tommiller/Library/Developer/Xcode/DerivedData/ModuleCache.noindex -serialize-diagnostics -emit-dependencies -emit-module -emit-module-path /Users/tommiller/Library/Developer/Xcode/DerivedData/App-diekzjczilnndmekcbwxdbymtdym/Build/Intermediates.noindex/ArchiveIntermediates/App/IntermediateBuildFilesPath/CapacitorApp.build/Release-iphoneos/AppPlugin.build/Objects-normal/arm64/AppPlugin.swiftmodule -validate-clang-modules-once -clang-build-session-file /Users/tommiller/Library/Developer/Xcode/DerivedData/ModuleCache.noindex/Session.modulevalidation -package-name app -Xcc -I/Users/tommiller/Library/Developer/Xcode/DerivedData/App-diekzjczilnndmekcbwxdbymtdym/Build/Intermediates.noindex/ArchiveIntermediates/App/IntermediateBuildFilesPath/CapacitorApp.build/Release-iphoneos/AppPlugin.build/swift-overrides.hmap -emit-const-values -Xfrontend -const-gather-protocols-file -Xfrontend /Users/tommiller/Library/Developer/Xcode/DerivedData/App-diekzjczilnndmekcbwxdbymtdym/Build/Intermediates.noindex/ArchiveIntermediates/App/IntermediateBuildFilesPath/CapacitorApp.build/Release-iphoneos/AppPlugin.build/Objects-normal/arm64/AppPlugin_const_extract_protocols.json -Xcc -I/Users/tommiller/Library/Developer/Xcode/DerivedData/App-diekzjczilnndmekcbwxdbymtdym/Build/Intermediates.noindex/ArchiveIntermediates/App/BuildProductsPath/Release-iphoneos/include -Xcc -I/Users/tommiller/Library/Developer/Xcode/DerivedData/App-diekzjczilnndmekcbwxdbymtdym/Build/Intermediates.noindex/ArchiveIntermediates/App/IntermediateBuildFilesPath/CapacitorApp.build/Release-iphoneos/AppPlugin.build/DerivedSources-normal/arm64 -Xcc -I/Users/tommiller/Library/Developer/Xcode/DerivedData/App-diekzjczilnndmekcbwxdbymtdym/Build/Intermediates.noindex/ArchiveIntermediates/App/IntermediateBuildFilesPath/CapacitorApp.build/Release-iphoneos/AppPlugin.build/DerivedSources/arm64 -Xcc -I/Users/tommiller/Library/Developer/Xcode/DerivedData/App-diekzjczilnndmekcbwxdbymtdym/Build/Intermediates.noindex/ArchiveIntermediates/App/IntermediateBuildFilesPath/CapacitorApp.build/Release-iphoneos/AppPlugin.build/DerivedSources -Xcc -DSWIFT_PACKAGE -emit-objc-header -emit-objc-header-path /Users/tommiller/Library/Developer/Xcode/DerivedData/App-diekzjczilnndmekcbwxdbymtdym/Build/Intermediates.noindex/ArchiveIntermediates/App/IntermediateBuildFilesPath/CapacitorApp.build/Release-iphoneos/AppPlugin.build/Objects-normal/arm64/AppPlugin-Swift.h -working-directory /Users/tommiller/Documents/Hyperframes\ Editor/tally/native/ios/App/App.xcodeproj -no-emit-module-separately-wmo

SwiftExplicitDependencyGeneratePcm arm64 /Users/tommiller/Library/Developer/Xcode/DerivedData/App-diekzjczilnndmekcbwxdbymtdym/Build/Intermediates.noindex/ArchiveIntermediates/App/IntermediateBuildFilesPath/SwiftExplicitPrecompiledModules/Capacitor-6WF14QFCOBABTEQ6PQ92TTHGJ.pcm

SwiftExplicitDependencyCompileModuleFromInterface arm64 /Users/tommiller/Library/Developer/Xcode/DerivedData/App-diekzjczilnndmekcbwxdbymtdym/Build/Intermediates.noindex/ArchiveIntermediates/App/IntermediateBuildFilesPath/SwiftExplicitPrecompiledModules/Capacitor-UKJUHMG0Z9ZS.swiftmodule

SwiftCompile normal arm64 Compiling\ LocalNotificationsHandler.swift,\ LocalNotificationsPlugin.swift /Users/tommiller/Documents/Hyperframes\ Editor/tally/native/node_modules/@capacitor/local-notifications/ios/Sources/LocalNotificationsPlugin/LocalNotificationsHandler.swift /Users/tommiller/Documents/Hyperframes\ Editor/tally/native/node_modules/@capacitor/local-notifications/ios/Sources/LocalNotificationsPlugin/LocalNotificationsPlugin.swift /Applications/Xcode.app/Contents/Developer/Toolchains/XcodeDefault.xctoolchain/usr/lib/swift/iphoneos/prebuilt-modules/26.5/Network.swiftmodule/arm64e-apple-ios.swiftmodule /Applications/Xcode.app/Contents/Developer/Toolchains/XcodeDefault.xctoolchain/usr/lib/swift/iphoneos/prebuilt-modules/26.5/Spatial.swiftmodule/arm64e-apple-ios.swiftmodule /Applications/Xcode.app/Contents/Developer/Toolchains/XcodeDefault.xctoolchain/usr/lib/swift/iphoneos/prebuilt-modules/26.5/_Concurrency.swiftmodule/arm64e-apple-ios.swiftmodule /Applications/Xcode.app/Contents/Developer/Toolchains/XcodeDefault.xctoolchain/usr/lib/swift/iphoneos/prebuilt-modules/26.5/System.swiftmodule/arm64e-apple-ios.swiftmodule /Applications/Xcode.app/Contents/Developer/Toolchains/XcodeDefault.xctoolchain/usr/lib/swift/iphoneos/prebuilt-modules/26.5/ObjectiveC.swiftmodule/arm64e-apple-ios.swiftmodule /Applications/Xcode.app/Contents/Developer/Toolchains/XcodeDefault.xctoolchain/usr/lib/swift/iphoneos/prebuilt-modules/26.5/Foundation.swiftmodule/arm64e-apple-ios.swiftmodule /Applications/Xcode.app/Contents/Developer/Toolchains/XcodeDefault.xctoolchain/usr/lib/swift/iphoneos/prebuilt-modules/26.5/DeveloperToolsSupport.swiftmodule/arm64e-apple-ios.swiftmodule /Applications/Xcode.app/Contents/Developer/Toolchains/XcodeDefault.xctoolchain/usr/lib/swift/iphoneos/prebuilt-modules/26.5/UIKit.swiftmodule/arm64e-apple-ios.swiftmodule /Applications/Xcode.app/Contents/Developer/Toolchains/XcodeDefault.xctoolchain/usr/lib/swift/iphoneos/prebuilt-modules/26.5/WebKit.swiftmodule/arm64e-apple-ios.swiftmodule /Applications/Xcode.app/Contents/Developer/Toolchains/XcodeDefault.xctoolchain/usr/lib/swift/iphoneos/prebuilt-modules/26.5/UniformTypeIdentifiers.swiftmodule/arm64e-apple-ios.swiftmodule /Applications/Xcode.app/Contents/Developer/Toolchains/XcodeDefault.xctoolchain/usr/lib/swift/iphoneos/prebuilt-modules/26.5/Metal.swiftmodule/arm64e-apple-ios.swiftmodule /Applications/Xcode.app/Contents/Developer/Toolchains/XcodeDefault.xctoolchain/usr/lib/swift/iphoneos/prebuilt-modules/26.5/CoreImage.swiftmodule/arm64e-apple-ios.swiftmodule /Applications/Xcode.app/Contents/Developer/Toolchains/XcodeDefault.xctoolchain/usr/lib/swift/iphoneos/prebuilt-modules/26.5/Accessibility.swiftmodule/arm64e-apple-ios.swiftmodule /Applications/Xcode.app/Contents/Developer/Toolchains/XcodeDefault.xctoolchain/usr/lib/swift/iphoneos/prebuilt-modules/26.5/SwiftUICore.swiftmodule/arm64e-apple-ios.swiftmodule /Applications/Xcode.app/Contents/Developer/Toolchains/XcodeDefault.xctoolchain/usr/lib/swift/iphoneos/prebuilt-modules/26.5/Distributed.swiftmodule/arm64e-apple-ios.swiftmodule /Applications/Xcode.app/Contents/Developer/Toolchains/XcodeDefault.xctoolchain/usr/lib/swift/iphoneos/prebuilt-modules/26.5/simd.swiftmodule/arm64e-apple-ios.swiftmodule /Applications/Xcode.app/Contents/Developer/Toolchains/XcodeDefault.xctoolchain/usr/lib/swift/iphoneos/prebuilt-modules/26.5/Observation.swiftmodule/arm64e-apple-ios.swiftmodule /Applications/Xcode.app/Contents/Developer/Toolchains/XcodeDefault.xctoolchain/usr/lib/swift/iphoneos/prebuilt-modules/26.5/Darwin.swiftmodule/arm64e-apple-ios.swiftmodule /Applications/Xcode.app/Contents/Developer/Toolchains/XcodeDefault.xctoolchain/usr/lib/swift/iphoneos/prebuilt-modules/26.5/DataDetection.swiftmodule/arm64e-apple-ios.swiftmodule /Applications/Xcode.app/Contents/Developer/Toolchains/XcodeDefault.xctoolchain/usr/lib/swift/iphoneos/prebuilt-modules/26.5/FileProvider.swiftmodule/arm64e-apple-ios.swiftmodule /Applications/Xcode.app/Contents/Developer/Toolchains/XcodeDefault.xctoolchain/usr/lib/swift/iphoneos/prebuilt-modules/26.5/os.swiftmodule/arm64e-apple-ios.swiftmodule /Applications/Xcode.app/Contents/Developer/Toolchains/XcodeDefault.xctoolchain/usr/lib/swift/iphoneos/prebuilt-modules/26.5/_DarwinFoundation1.swiftmodule/arm64e-apple-ios.swiftmodule /Applications/Xcode.app/Contents/Developer/Toolchains/XcodeDefault.xctoolchain/usr/lib/swift/iphoneos/prebuilt-modules/26.5/_Builtin_float.swiftmodule/arm64e-apple-ios.swiftmodule /Applications/Xcode.app/Contents/Developer/Toolchains/XcodeDefault.xctoolchain/usr/lib/swift/iphoneos/prebuilt-modules/26.5/CoreGraphics.swiftmodule/arm64e-apple-ios.swiftmodule /Applications/Xcode.app/Contents/Developer/Toolchains/XcodeDefault.xctoolchain/usr/lib/swift/iphoneos/prebuilt-modules/26.5/CoreText.swiftmodule/arm64e-apple-ios.swiftmodule /Applications/Xcode.app/Contents/Developer/Toolchains/XcodeDefault.xctoolchain/usr/lib/swift/iphoneos/prebuilt-modules/26.5/_DarwinFoundation3.swiftmodule/arm64e-apple-ios.swiftmodule /Applications/Xcode.app/Contents/Developer/Toolchains/XcodeDefault.xctoolchain/usr/lib/swift/iphoneos/prebuilt-modules/26.5/QuartzCore.swiftmodule/arm64e-apple-ios.swiftmodule /Applications/Xcode.app/Contents/Developer/Toolchains/XcodeDefault.xctoolchain/usr/lib/swift/iphoneos/prebuilt-modules/26.5/Dispatch.swiftmodule/arm64e-apple-ios.swiftmodule /Applications/Xcode.app/Contents/Developer/Toolchains/XcodeDefault.xctoolchain/usr/lib/swift/iphoneos/prebuilt-modules/26.5/_DarwinFoundation2.swiftmodule/arm64e-apple-ios.swiftmodule /Applications/Xcode.app/Contents/Developer/Toolchains/XcodeDefault.xctoolchain/usr/lib/swift/iphoneos/prebuilt-modules/26.5/CoreFoundation.swiftmodule/arm64e-apple-ios.swiftmodule /Applications/Xcode.app/Contents/Developer/Toolchains/XcodeDefault.xctoolchain/usr/lib/swift/iphoneos/prebuilt-modules/26.5/Combine.swiftmodule/arm64e-apple-ios.swiftmodule /Applications/Xcode.app/Contents/Developer/Toolchains/XcodeDefault.xctoolchain/usr/lib/swift/iphoneos/prebuilt-modules/26.5/CoreVideo.swiftmodule/arm64e-apple-ios.swiftmodule /Applications/Xcode.app/Contents/Developer/Toolchains/XcodeDefault.xctoolchain/usr/lib/swift/iphoneos/prebuilt-modules/26.5/XPC.swiftmodule/arm64e-apple-ios.swiftmodule /Applications/Xcode.app/Contents/Developer/Toolchains/XcodeDefault.xctoolchain/usr/lib/swift/iphoneos/prebuilt-modules/26.5/_StringProcessing.swiftmodule/arm64e-apple-ios.swiftmodule /Users/tommiller/Library/Developer/Xcode/DerivedData/App-diekzjczilnndmekcbwxdbymtdym/Build/Intermediates.noindex/ArchiveIntermediates/App/IntermediateBuildFilesPath/SwiftExplicitPrecompiledModules/Capacitor-UKJUHMG0Z9ZS.swiftmodule /Applications/Xcode.app/Contents/Developer/Toolchains/XcodeDefault.xctoolchain/usr/lib/swift/iphoneos/prebuilt-modules/26.5/CoreTransferable.swiftmodule/arm64e-apple-ios.swiftmodule /Applications/Xcode.app/Contents/Developer/Toolchains/XcodeDefault.xctoolchain/usr/lib/swift/iphoneos/prebuilt-modules/26.5/OSLog.swiftmodule/arm64e-apple-ios.swiftmodule /Applications/Xcode.app/Contents/Developer/Toolchains/XcodeDefault.xctoolchain/usr/lib/swift/iphoneos/prebuilt-modules/26.5/Swift.swiftmodule/arm64e-apple-ios.swiftmodule /Applications/Xcode.app/Contents/Developer/Toolchains/XcodeDefault.xctoolchain/usr/lib/swift/iphoneos/prebuilt-modules/26.5/Symbols.swiftmodule/arm64e-apple-ios.swiftmodule /Users/tommiller/Library/Developer/Xcode/DerivedData/ModuleCache.noindex/ptrcheck-E1L8D732QOBSFLQY56U70643U.pcm /Users/tommiller/Library/Developer/Xcode/DerivedData/ModuleCache.noindex/_Builtin_intrinsics-2QP1QYZB50N815Q9081ZMHAPF.pcm /Users/tommiller/Library/Developer/Xcode/DerivedData/ModuleCache.noindex/CoreVideo-2K1SD6QX8WLLX70BB9X6ERXRP.pcm /Users/tommiller/Library/Developer/Xcode/DerivedData/ModuleCache.noindex/_DarwinFoundation3-24GGWC0VC991F92H2TMPHEP9.pcm /Users/tommiller/Library/Developer/Xcode/DerivedData/ModuleCache.noindex/Security-7XQ2GPRN0FQFT09UHX061N9SO.pcm /Users/tommiller/Library/Developer/Xcode/DerivedData/ModuleCache.noindex/UserNotifications-27ICFCCWS07ZKOIQ0DJNUXDVD.pcm /Users/tommiller/Library/Developer/Xcode/DerivedData/ModuleCache.noindex/CoreImage-7OI4F77NO10QY02JACXET5RW7.pcm /Users/tommiller/Library/Developer/Xcode/DerivedData/ModuleCache.noindex/sys_types-4GC7IBGYPX8JNPRU5C6JAJ726.pcm /Users/tommiller/Library/Developer/Xcode/DerivedData/ModuleCache.noindex/CoreGraphics-1KCTAOXLIW6RBUVF6VBAJU8H8.pcm /Users/tommiller/Library/Developer/Xcode/DerivedData/ModuleCache.noindex/_SwiftConcurrencyShims-3YVZPO2GX0M03O573INCYV75Z.pcm /Users/tommiller/Library/Developer/Xcode/DerivedData/ModuleCache.noindex/CoreText-BQ7AKNB6FPYGOGRRM87EI3ZQ4.pcm /Users/tommiller/Library/Developer/Xcode/DerivedData/ModuleCache.noindex/Accessibility-24XFZFQWDTGQSB8QNFQUXU56X.pcm /Users/tommiller/Library/Developer/Xcode/DerivedData/ModuleCache.noindex/_Builtin_stdint-52MHEGEP7C07X1DFE3YSMZWUW.pcm /Users/tommiller/Library/Developer/Xcode/DerivedData/ModuleCache.noindex/MachO-5NULDIZTU0YE3KFRFQ4AELUZJ.pcm /Users/tommiller/Library/Developer/Xcode/DerivedData/ModuleCache.noindex/WebKit-3774J2J0YO50O2ZB3YGZ9CCX5.pcm /Users/tommiller/Library/Developer/Xcode/DerivedData/ModuleCache.noindex/os_object-2DYTWJJAK44V4R8IQMLG5CCVO.pcm /Users/tommiller/Library/Developer/Xcode/DerivedData/ModuleCache.noindex/UIKit-A4HSWIA8VUCP81MCB7ENP6MUY.pcm /Users/tommiller/Library/Developer/Xcode/DerivedData/ModuleCache.noindex/Network-99OBE86CH7XWEU0J2IMZ8KYL1.pcm /Users/tommiller/Library/Developer/Xcode/DerivedData/ModuleCache.noindex/_Builtin_stdarg-DSI2WT6BAO23SGGD0CR9Z0N1S.pcm /Users/tommiller/Library/Developer/Xcode/DerivedData/ModuleCache.noindex/os-A8WF8SNX1R5XS10Q3Z20XMMI3.pcm /Users/tommiller/Library/Developer/Xcode/DerivedData/ModuleCache.noindex/_Builtin_limits-3QWMBFYUFCQHG5HLL9EDIXN4E.pcm /Users/tommiller/Library/Developer/Xcode/DerivedData/ModuleCache.noindex/XPC-9N2BUDAQ0X8AR351LIEZSB2XS.pcm /Users/tommiller/Library/Developer/Xcode/DerivedData/ModuleCache.noindex/IOSurface-DWN4RBVVINNN4DJE36NEYQVK1.pcm /Users/tommiller/Library/Developer/Xcode/DerivedData/App-diekzjczilnndmekcbwxdbymtdym/Build/Intermediates.noindex/ArchiveIntermediates/App/IntermediateBuildFilesPath/SwiftExplicitPrecompiledModules/Capacitor-6WF14QFCOBABTEQ6PQ92TTHGJ.pcm /Users/tommiller/Library/Developer/Xcode/DerivedData/ModuleCache.noindex/Dispatch-2V5QXBM8JBRDPSLK6M5R6MQXR.pcm /Users/tommiller/Library/Developer/Xcode/DerivedData/ModuleCache.noindex/Metal-8C87BW6GIYA1XFXH1ZV3I5816.pcm /Users/tommiller/Library/Developer/Xcode/DerivedData/ModuleCache.noindex/DataDetection-AOT8EGYK7HFZYXI7BN7Z3BUTI.pcm /Users/tommiller/Library/Developer/Xcode/DerivedData/ModuleCache.noindex/Symbols-2C5RHQIQ4TUD644POOG80D9ZB.pcm /Users/tommiller/Library/Developer/Xcode/DerivedData/App-diekzjczilnndmekcbwxdbymtdym/Build/Intermediates.noindex/ArchiveIntermediates/App/IntermediateBuildFilesPath/SwiftExplicitPrecompiledModules/Cordova-CIOEUY2GGMOPQHD0W2CH3W1C6.pcm /Users/tommiller/Library/Developer/Xcode/DerivedData/ModuleCache.noindex/ptrauth-RE5IYTTWNJF5ZES46WWUGA97.pcm /Users/tommiller/Library/Developer/Xcode/DerivedData/ModuleCache.noindex/DeveloperToolsSupport-ZO51AHXMF86FGEQ2MMEFX2P1.pcm /Users/tommiller/Library/Developer/Xcode/DerivedData/ModuleCache.noindex/UniformTypeIdentifiers-78ZFWRQIOP7WL2XC7TOVTX02X.pcm /Users/tommiller/Library/Developer/Xcode/DerivedData/ModuleCache.noindex/ObjectiveC-AKYXV1UFI851KB22683CA3Z5N.pcm /Users/tommiller/Library/Developer/Xcode/DerivedData/ModuleCache.noindex/CoreFoundation-B2K1E5JIE9OOBSVB8REK8WMNJ.pcm /Users/tommiller/Library/Developer/Xcode/DerivedData/ModuleCache.noindex/CommonCrypto-DYZIFSAYJUL3ML4CP2Y4SVBAA.pcm /Users/tommiller/Library/Developer/Xcode/DerivedData/ModuleCache.noindex/_Builtin_stdbool-713GFKHR6FVL6UHHQB014Q8YY.pcm /Users/tommiller/Library/Developer/Xcode/DerivedData/ModuleCache.noindex/OpenGLES-79N6UW01JRKS39R71DDPADWY.pcm /Users/tommiller/Library/Developer/Xcode/DerivedData/ModuleCache.noindex/_Builtin_float-6ONQ6TOOE00VE5R7ABU2SHR4V.pcm /Users/tommiller/Library/Developer/Xcode/DerivedData/ModuleCache.noindex/simd-AK1PDL75J83LSZF8B847BTPLY.pcm /Users/tommiller/Library/Developer/Xcode/DerivedData/ModuleCache.noindex/Darwin-856LLVK3CWA5TG02G7O0QM7IU.pcm /Users/tommiller/Library/Developer/Xcode/DerivedData/ModuleCache.noindex/SwiftUICore-9Q1XDTWVWP2DNKNDR75N36APN.pcm /Users/tommiller/Library/Developer/Xcode/DerivedData/ModuleCache.noindex/_Builtin_inttypes-37HDA7VE573D9C33NBP4D9N85.pcm /Users/tommiller/Library/Developer/Xcode/DerivedData/ModuleCache.noindex/_Builtin_stddef-186JOJNP0ZLNO1WEED1L8GZYK.pcm /Users/tommiller/Library/Developer/Xcode/DerivedData/ModuleCache.noindex/_DarwinFoundation1-DY28R3L854G762TY1AWYVN9EQ.pcm /Users/tommiller/Library/Developer/Xcode/DerivedData/ModuleCache.noindex/_DarwinFoundation2-8NH1DPHW6SNKTXOA1ULON40QN.pcm /Users/tommiller/Library/Developer/Xcode/DerivedData/ModuleCache.noindex/CFNetwork-55859QVCPGSKKKJR5SBGWKMY7.pcm /Users/tommiller/Library/Developer/Xcode/DerivedData/ModuleCache.noindex/_AvailabilityInternal-BNSRWAHKXIKRPQP162VS1Y945.pcm /Users/tommiller/Library/Developer/Xcode/DerivedData/ModuleCache.noindex/FileProvider-2L5B661T2R75GZG8GFF0SV8BX.pcm /Users/tommiller/Library/Developer/Xcode/DerivedData/ModuleCache.noindex/os_workgroup-8WKNYH9VQXZIIH4Z9C0289A3U.pcm /Users/tommiller/Library/Developer/Xcode/DerivedData/ModuleCache.noindex/CoreTransferable-3213OAUM14EZF907QN07CDSS9.pcm /Users/tommiller/Library/Developer/Xcode/DerivedData/ModuleCache.noindex/UIUtilities-3B7QC6AAX2VWBYSHXV76AHYZC.pcm /Users/tommiller/Library/Developer/Xcode/DerivedData/ModuleCache.noindex/_Builtin_tgmath-C1L6OD4MFWS63DJ2NJH2IH61N.pcm /Users/tommiller/Library/Developer/Xcode/DerivedData/ModuleCache.noindex/Foundation-ACE0YEOT3IYICRHT8B67W6BDC.pcm /Users/tommiller/Library/Developer/Xcode/DerivedData/ModuleCache.noindex/_Builtin_stdatomic-4J5F0GYZLNOO232FKX2QSU68V.pcm /Users/tommiller/Library/Developer/Xcode/DerivedData/ModuleCache.noindex/OSLog-CV2562J5LEMK745423SOHF1KX.pcm /Users/tommiller/Library/Developer/Xcode/DerivedData/ModuleCache.noindex/SwiftShims-3E7MIQLPW4MBN8QVNXQLL4EBR.pcm /Users/tommiller/Library/Developer/Xcode/DerivedData/ModuleCache.noindex/Spatial-32NHSATRVF4XQWJRFVE4MPKGP.pcm /Users/tommiller/Library/Developer/Xcode/DerivedData/ModuleCache.noindex/dnssd-B6CIYOYPMS2DSXGSFFSGQ2NES.pcm /Users/tommiller/Library/Developer/Xcode/DerivedData/ModuleCache.noindex/ImageIO-D5FUYMINNEBJZH0I77JY9YJFO.pcm /Users/tommiller/Library/Developer/Xcode/DerivedData/ModuleCache.noindex/QuartzCore-2ZX75PGMHCDU56OUWB7ED1CUP.pcm /Users/tommiller/Library/Developer/Xcode/DerivedData/App-diekzjczilnndmekcbwxdbymtdym/Build/Intermediates.noindex/ArchiveIntermediates/App/IntermediateBuildFilesPath/CapacitorLocalNotifications.build/Release-iphoneos/LocalNotificationsPlugin.build/Objects-normal/arm64/LocalNotificationsPlugin-dependencies-1.json (in target 'LocalNotificationsPlugin' from project 'CapacitorLocalNotifications')

CompileSwift normal arm64 (in target 'LocalNotificationsPlugin' from project 'CapacitorLocalNotifications')
    cd /Users/tommiller/Documents/Hyperframes\ Editor/tally/native/ios/App/App.xcodeproj
    

SwiftCompile normal arm64 Compiling\ AppPlugin.swift /Users/tommiller/Documents/Hyperframes\ Editor/tally/native/node_modules/@capacitor/app/ios/Sources/AppPlugin/AppPlugin.swift /Applications/Xcode.app/Contents/Developer/Toolchains/XcodeDefault.xctoolchain/usr/lib/swift/iphoneos/prebuilt-modules/26.5/Observation.swiftmodule/arm64e-apple-ios.swiftmodule /Applications/Xcode.app/Contents/Developer/Toolchains/XcodeDefault.xctoolchain/usr/lib/swift/iphoneos/prebuilt-modules/26.5/Network.swiftmodule/arm64e-apple-ios.swiftmodule /Applications/Xcode.app/Contents/Developer/Toolchains/XcodeDefault.xctoolchain/usr/lib/swift/iphoneos/prebuilt-modules/26.5/CoreImage.swiftmodule/arm64e-apple-ios.swiftmodule /Applications/Xcode.app/Contents/Developer/Toolchains/XcodeDefault.xctoolchain/usr/lib/swift/iphoneos/prebuilt-modules/26.5/CoreGraphics.swiftmodule/arm64e-apple-ios.swiftmodule /Applications/Xcode.app/Contents/Developer/Toolchains/XcodeDefault.xctoolchain/usr/lib/swift/iphoneos/prebuilt-modules/26.5/ObjectiveC.swiftmodule/arm64e-apple-ios.swiftmodule /Applications/Xcode.app/Contents/Developer/Toolchains/XcodeDefault.xctoolchain/usr/lib/swift/iphoneos/prebuilt-modules/26.5/Accessibility.swiftmodule/arm64e-apple-ios.swiftmodule /Applications/Xcode.app/Contents/Developer/Toolchains/XcodeDefault.xctoolchain/usr/lib/swift/iphoneos/prebuilt-modules/26.5/Foundation.swiftmodule/arm64e-apple-ios.swiftmodule /Applications/Xcode.app/Contents/Developer/Toolchains/XcodeDefault.xctoolchain/usr/lib/swift/iphoneos/prebuilt-modules/26.5/simd.swiftmodule/arm64e-apple-ios.swiftmodule /Applications/Xcode.app/Contents/Developer/Toolchains/XcodeDefault.xctoolchain/usr/lib/swift/iphoneos/prebuilt-modules/26.5/Spatial.swiftmodule/arm64e-apple-ios.swiftmodule /Applications/Xcode.app/Contents/Developer/Toolchains/XcodeDefault.xctoolchain/usr/lib/swift/iphoneos/prebuilt-modules/26.5/QuartzCore.swiftmodule/arm64e-apple-ios.swiftmodule /Applications/Xcode.app/Contents/Developer/Toolchains/XcodeDefault.xctoolchain/usr/lib/swift/iphoneos/prebuilt-modules/26.5/Symbols.swiftmodule/arm64e-apple-ios.swiftmodule /Applications/Xcode.app/Contents/Developer/Toolchains/XcodeDefault.xctoolchain/usr/lib/swift/iphoneos/prebuilt-modules/26.5/os.swiftmodule/arm64e-apple-ios.swiftmodule /Applications/Xcode.app/Contents/Developer/Toolchains/XcodeDefault.xctoolchain/usr/lib/swift/iphoneos/prebuilt-modules/26.5/_DarwinFoundation2.swiftmodule/arm64e-apple-ios.swiftmodule /Applications/Xcode.app/Contents/Developer/Toolchains/XcodeDefault.xctoolchain/usr/lib/swift/iphoneos/prebuilt-modules/26.5/UniformTypeIdentifiers.swiftmodule/arm64e-apple-ios.swiftmodule /Applications/Xcode.app/Contents/Developer/Toolchains/XcodeDefault.xctoolchain/usr/lib/swift/iphoneos/prebuilt-modules/26.5/CoreTransferable.swiftmodule/arm64e-apple-ios.swiftmodule /Applications/Xcode.app/Contents/Developer/Toolchains/XcodeDefault.xctoolchain/usr/lib/swift/iphoneos/prebuilt-modules/26.5/XPC.swiftmodule/arm64e-apple-ios.swiftmodule /Applications/Xcode.app/Contents/Developer/Toolchains/XcodeDefault.xctoolchain/usr/lib/swift/iphoneos/prebuilt-modules/26.5/_Concurrency.swiftmodule/arm64e-apple-ios.swiftmodule /Applications/Xcode.app/Contents/Developer/Toolchains/XcodeDefault.xctoolchain/usr/lib/swift/iphoneos/prebuilt-modules/26.5/Distributed.swiftmodule/arm64e-apple-ios.swiftmodule /Applications/Xcode.app/Contents/Developer/Toolchains/XcodeDefault.xctoolchain/usr/lib/swift/iphoneos/prebuilt-modules/26.5/Swift.swiftmodule/arm64e-apple-ios.swiftmodule /Applications/Xcode.app/Contents/Developer/Toolchains/XcodeDefault.xctoolchain/usr/lib/swift/iphoneos/prebuilt-modules/26.5/Combine.swiftmodule/arm64e-apple-ios.swiftmodule /Applications/Xcode.app/Contents/Developer/Toolchains/XcodeDefault.xctoolchain/usr/lib/swift/iphoneos/prebuilt-modules/26.5/WebKit.swiftmodule/arm64e-apple-ios.swiftmodule /Applications/Xcode.app/Contents/Developer/Toolchains/XcodeDefault.xctoolchain/usr/lib/swift/iphoneos/prebuilt-modules/26.5/Darwin.swiftmodule/arm64e-apple-ios.swiftmodule /Applications/Xcode.app/Contents/Developer/Toolchains/XcodeDefault.xctoolchain/usr/lib/swift/iphoneos/prebuilt-modules/26.5/_DarwinFoundation3.swiftmodule/arm64e-apple-ios.swiftmodule /Applications/Xcode.app/Contents/Developer/Toolchains/XcodeDefault.xctoolchain/usr/lib/swift/iphoneos/prebuilt-modules/26.5/Dispatch.swiftmodule/arm64e-apple-ios.swiftmodule /Applications/Xcode.app/Contents/Developer/Toolchains/XcodeDefault.xctoolchain/usr/lib/swift/iphoneos/prebuilt-modules/26.5/CoreVideo.swiftmodule/arm64e-apple-ios.swiftmodule /Applications/Xcode.app/Contents/Developer/Toolchains/XcodeDefault.xctoolchain/usr/lib/swift/iphoneos/prebuilt-modules/26.5/OSLog.swiftmodule/arm64e-apple-ios.swiftmodule /Applications/Xcode.app/Contents/Developer/Toolchains/XcodeDefault.xctoolchain/usr/lib/swift/iphoneos/prebuilt-modules/26.5/SwiftUICore.swiftmodule/arm64e-apple-ios.swiftmodule /Applications/Xcode.app/Contents/Developer/Toolchains/XcodeDefault.xctoolchain/usr/lib/swift/iphoneos/prebuilt-modules/26.5/DeveloperToolsSupport.swiftmodule/arm64e-apple-ios.swiftmodule /Applications/Xcode.app/Contents/Developer/Toolchains/XcodeDefault.xctoolchain/usr/lib/swift/iphoneos/prebuilt-modules/26.5/CoreText.swiftmodule/arm64e-apple-ios.swiftmodule /Applications/Xcode.app/Contents/Developer/Toolchains/XcodeDefault.xctoolchain/usr/lib/swift/iphoneos/prebuilt-modules/26.5/UIKit.swiftmodule/arm64e-apple-ios.swiftmodule /Applications/Xcode.app/Contents/Developer/Toolchains/XcodeDefault.xctoolchain/usr/lib/swift/iphoneos/prebuilt-modules/26.5/System.swiftmodule/arm64e-apple-ios.swiftmodule /Applications/Xcode.app/Contents/Developer/Toolchains/XcodeDefault.xctoolchain/usr/lib/swift/iphoneos/prebuilt-modules/26.5/Metal.swiftmodule/arm64e-apple-ios.swiftmodule /Applications/Xcode.app/Contents/Developer/Toolchains/XcodeDefault.xctoolchain/usr/lib/swift/iphoneos/prebuilt-modules/26.5/_StringProcessing.swiftmodule/arm64e-apple-ios.swiftmodule /Users/tommiller/Library/Developer/Xcode/DerivedData/App-diekzjczilnndmekcbwxdbymtdym/Build/Intermediates.noindex/ArchiveIntermediates/App/IntermediateBuildFilesPath/SwiftExplicitPrecompiledModules/Capacitor-UKJUHMG0Z9ZS.swiftmodule /Applications/Xcode.app/Contents/Developer/Toolchains/XcodeDefault.xctoolchain/usr/lib/swift/iphoneos/prebuilt-modules/26.5/_Builtin_float.swiftmodule/arm64e-apple-ios.swiftmodule /Applications/Xcode.app/Contents/Developer/Toolchains/XcodeDefault.xctoolchain/usr/lib/swift/iphoneos/prebuilt-modules/26.5/_DarwinFoundation1.swiftmodule/arm64e-apple-ios.swiftmodule /Applications/Xcode.app/Contents/Developer/Toolchains/XcodeDefault.xctoolchain/usr/lib/swift/iphoneos/prebuilt-modules/26.5/FileProvider.swiftmodule/arm64e-apple-ios.swiftmodule /Applications/Xcode.app/Contents/Developer/Toolchains/XcodeDefault.xctoolchain/usr/lib/swift/iphoneos/prebuilt-modules/26.5/CoreFoundation.swiftmodule/arm64e-apple-ios.swiftmodule /Applications/Xcode.app/Contents/Developer/Toolchains/XcodeDefault.xctoolchain/usr/lib/swift/iphoneos/prebuilt-modules/26.5/DataDetection.swiftmodule/arm64e-apple-ios.swiftmodule /Users/tommiller/Library/Developer/Xcode/DerivedData/ModuleCache.noindex/_Builtin_float-6ONQ6TOOE00VE5R7ABU2SHR4V.pcm /Users/tommiller/Library/Developer/Xcode/DerivedData/ModuleCache.noindex/CoreTransferable-3213OAUM14EZF907QN07CDSS9.pcm /Users/tommiller/Library/Developer/Xcode/DerivedData/ModuleCache.noindex/ImageIO-D5FUYMINNEBJZH0I77JY9YJFO.pcm /Users/tommiller/Library/Developer/Xcode/DerivedData/ModuleCache.noindex/ptrcheck-E1L8D732QOBSFLQY56U70643U.pcm /Users/tommiller/Library/Developer/Xcode/DerivedData/ModuleCache.noindex/_Builtin_intrinsics-2QP1QYZB50N815Q9081ZMHAPF.pcm /Users/tommiller/Library/Developer/Xcode/DerivedData/ModuleCache.noindex/_DarwinFoundation3-24GGWC0VC991F92H2TMPHEP9.pcm /Users/tommiller/Library/Developer/Xcode/DerivedData/ModuleCache.noindex/simd-AK1PDL75J83LSZF8B847BTPLY.pcm /Users/tommiller/Library/Developer/Xcode/DerivedData/ModuleCache.noindex/CFNetwork-55859QVCPGSKKKJR5SBGWKMY7.pcm /Users/tommiller/Library/Developer/Xcode/DerivedData/ModuleCache.noindex/CoreGraphics-1KCTAOXLIW6RBUVF6VBAJU8H8.pcm /Users/tommiller/Library/Developer/Xcode/DerivedData/ModuleCache.noindex/UIUtilities-3B7QC6AAX2VWBYSHXV76AHYZC.pcm /Users/tommiller/Library/Developer/Xcode/DerivedData/ModuleCache.noindex/DataDetection-AOT8EGYK7HFZYXI7BN7Z3BUTI.pcm /Users/tommiller/Library/Developer/Xcode/DerivedData/ModuleCache.noindex/Symbols-2C5RHQIQ4TUD644POOG80D9ZB.pcm /Users/tommiller/Library/Developer/Xcode/DerivedData/ModuleCache.noindex/DeveloperToolsSupport-ZO51AHXMF86FGEQ2MMEFX2P1.pcm /Users/tommiller/Library/Developer/Xcode/DerivedData/ModuleCache.noindex/MachO-5NULDIZTU0YE3KFRFQ4AELUZJ.pcm /Users/tommiller/Library/Developer/Xcode/DerivedData/ModuleCache.noindex/_DarwinFoundation2-8NH1DPHW6SNKTXOA1ULON40QN.pcm /Users/tommiller/Library/Developer/Xcode/DerivedData/ModuleCache.noindex/_AvailabilityInternal-BNSRWAHKXIKRPQP162VS1Y945.pcm /Users/tommiller/Library/Developer/Xcode/DerivedData/ModuleCache.noindex/Darwin-856LLVK3CWA5TG02G7O0QM7IU.pcm /Users/tommiller/Library/Developer/Xcode/DerivedData/App-diekzjczilnndmekcbwxdbymtdym/Build/Intermediates.noindex/ArchiveIntermediates/App/IntermediateBuildFilesPath/SwiftExplicitPrecompiledModules/Cordova-CIOEUY2GGMOPQHD0W2CH3W1C6.pcm /Users/tommiller/Library/Developer/Xcode/DerivedData/ModuleCache.noindex/SwiftUICore-9Q1XDTWVWP2DNKNDR75N36APN.pcm /Users/tommiller/Library/Developer/Xcode/DerivedData/ModuleCache.noindex/FileProvider-2L5B661T2R75GZG8GFF0SV8BX.pcm /Users/tommiller/Library/Developer/Xcode/DerivedData/ModuleCache.noindex/CoreVideo-2K1SD6QX8WLLX70BB9X6ERXRP.pcm /Users/tommiller/Library/Developer/Xcode/DerivedData/ModuleCache.noindex/CoreFoundation-B2K1E5JIE9OOBSVB8REK8WMNJ.pcm /Users/tommiller/Library/Developer/Xcode/DerivedData/ModuleCache.noindex/os_workgroup-8WKNYH9VQXZIIH4Z9C0289A3U.pcm /Users/tommiller/Library/Developer/Xcode/DerivedData/ModuleCache.noindex/_Builtin_stddef-186JOJNP0ZLNO1WEED1L8GZYK.pcm /Users/tommiller/Library/Developer/Xcode/DerivedData/ModuleCache.noindex/XPC-9N2BUDAQ0X8AR351LIEZSB2XS.pcm /Users/tommiller/Library/Developer/Xcode/DerivedData/ModuleCache.noindex/OSLog-CV2562J5LEMK745423SOHF1KX.pcm /Users/tommiller/Library/Developer/Xcode/DerivedData/ModuleCache.noindex/_Builtin_stdbool-713GFKHR6FVL6UHHQB014Q8YY.pcm /Users/tommiller/Library/Developer/Xcode/DerivedData/ModuleCache.noindex/_Builtin_inttypes-37HDA7VE573D9C33NBP4D9N85.pcm /Users/tommiller/Library/Developer/Xcode/DerivedData/ModuleCache.noindex/_Builtin_limits-3QWMBFYUFCQHG5HLL9EDIXN4E.pcm /Users/tommiller/Library/Developer/Xcode/DerivedData/ModuleCache.noindex/UIKit-A4HSWIA8VUCP81MCB7ENP6MUY.pcm /Users/tommiller/Library/Developer/Xcode/DerivedData/ModuleCache.noindex/ObjectiveC-AKYXV1UFI851KB22683CA3Z5N.pcm /Users/tommiller/Library/Developer/Xcode/DerivedData/App-diekzjczilnndmekcbwxdbymtdym/Build/Intermediates.noindex/ArchiveIntermediates/App/IntermediateBuildFilesPath/SwiftExplicitPrecompiledModules/Capacitor-6WF14QFCOBABTEQ6PQ92TTHGJ.pcm /Users/tommiller/Library/Developer/Xcode/DerivedData/ModuleCache.noindex/Security-7XQ2GPRN0FQFT09UHX061N9SO.pcm /Users/tommiller/Library/Developer/Xcode/DerivedData/ModuleCache.noindex/WebKit-3774J2J0YO50O2ZB3YGZ9CCX5.pcm /Users/tommiller/Library/Developer/Xcode/DerivedData/ModuleCache.noindex/CoreImage-7OI4F77NO10QY02JACXET5RW7.pcm /Users/tommiller/Library/Developer/Xcode/DerivedData/ModuleCache.noindex/_Builtin_stdatomic-4J5F0GYZLNOO232FKX2QSU68V.pcm /Users/tommiller/Library/Developer/Xcode/DerivedData/ModuleCache.noindex/_Builtin_tgmath-C1L6OD4MFWS63DJ2NJH2IH61N.pcm /Users/tommiller/Library/Developer/Xcode/DerivedData/ModuleCache.noindex/Spatial-32NHSATRVF4XQWJRFVE4MPKGP.pcm /Users/tommiller/Library/Developer/Xcode/DerivedData/ModuleCache.noindex/os_object-2DYTWJJAK44V4R8IQMLG5CCVO.pcm /Users/tommiller/Library/Developer/Xcode/DerivedData/ModuleCache.noindex/sys_types-4GC7IBGYPX8JNPRU5C6JAJ726.pcm /Users/tommiller/Library/Developer/Xcode/DerivedData/ModuleCache.noindex/OpenGLES-79N6UW01JRKS39R71DDPADWY.pcm /Users/tommiller/Library/Developer/Xcode/DerivedData/ModuleCache.noindex/SwiftShims-3E7MIQLPW4MBN8QVNXQLL4EBR.pcm /Users/tommiller/Library/Developer/Xcode/DerivedData/ModuleCache.noindex/CoreText-BQ7AKNB6FPYGOGRRM87EI3ZQ4.pcm /Users/tommiller/Library/Developer/Xcode/DerivedData/ModuleCache.noindex/Network-99OBE86CH7XWEU0J2IMZ8KYL1.pcm /Users/tommiller/Library/Developer/Xcode/DerivedData/ModuleCache.noindex/os-A8WF8SNX1R5XS10Q3Z20XMMI3.pcm /Users/tommiller/Library/Developer/Xcode/DerivedData/ModuleCache.noindex/Metal-8C87BW6GIYA1XFXH1ZV3I5816.pcm /Users/tommiller/Library/Developer/Xcode/DerivedData/ModuleCache.noindex/_Builtin_stdint-52MHEGEP7C07X1DFE3YSMZWUW.pcm /Users/tommiller/Library/Developer/Xcode/DerivedData/ModuleCache.noindex/Dispatch-2V5QXBM8JBRDPSLK6M5R6MQXR.pcm /Users/tommiller/Library/Developer/Xcode/DerivedData/ModuleCache.noindex/Accessibility-24XFZFQWDTGQSB8QNFQUXU56X.pcm /Users/tommiller/Library/Developer/Xcode/DerivedData/ModuleCache.noindex/UserNotifications-27ICFCCWS07ZKOIQ0DJNUXDVD.pcm /Users/tommiller/Library/Developer/Xcode/DerivedData/ModuleCache.noindex/_SwiftConcurrencyShims-3YVZPO2GX0M03O573INCYV75Z.pcm /Users/tommiller/Library/Developer/Xcode/DerivedData/ModuleCache.noindex/IOSurface-DWN4RBVVINNN4DJE36NEYQVK1.pcm /Users/tommiller/Library/Developer/Xcode/DerivedData/ModuleCache.noindex/CommonCrypto-DYZIFSAYJUL3ML4CP2Y4SVBAA.pcm /Users/tommiller/Library/Developer/Xcode/DerivedData/ModuleCache.noindex/_Builtin_stdarg-DSI2WT6BAO23SGGD0CR9Z0N1S.pcm /Users/tommiller/Library/Developer/Xcode/DerivedData/ModuleCache.noindex/ptrauth-RE5IYTTWNJF5ZES46WWUGA97.pcm /Users/tommiller/Library/Developer/Xcode/DerivedData/ModuleCache.noindex/dnssd-B6CIYOYPMS2DSXGSFFSGQ2NES.pcm /Users/tommiller/Library/Developer/Xcode/DerivedData/ModuleCache.noindex/_DarwinFoundation1-DY28R3L854G762TY1AWYVN9EQ.pcm /Users/tommiller/Library/Developer/Xcode/DerivedData/ModuleCache.noindex/UniformTypeIdentifiers-78ZFWRQIOP7WL2XC7TOVTX02X.pcm /Users/tommiller/Library/Developer/Xcode/DerivedData/ModuleCache.noindex/Foundation-ACE0YEOT3IYICRHT8B67W6BDC.pcm /Users/tommiller/Library/Developer/Xcode/DerivedData/ModuleCache.noindex/QuartzCore-2ZX75PGMHCDU56OUWB7ED1CUP.pcm /Users/tommiller/Library/Developer/Xcode/DerivedData/App-diekzjczilnndmekcbwxdbymtdym/Build/Intermediates.noindex/ArchiveIntermediates/App/IntermediateBuildFilesPath/CapacitorApp.build/Release-iphoneos/AppPlugin.build/Objects-normal/arm64/AppPlugin-dependencies-1.json (in target 'AppPlugin' from project 'CapacitorApp')

SwiftCompile normal arm64 /Users/tommiller/Documents/Hyperframes\ Editor/tally/native/node_modules/@capacitor/app/ios/Sources/AppPlugin/AppPlugin.swift (in target 'AppPlugin' from project 'CapacitorApp')
    cd /Users/tommiller/Documents/Hyperframes\ Editor/tally/native/ios/App/App.xcodeproj
    

SwiftDriverJobDiscovery normal arm64 Compiling AppPlugin.swift (in target 'AppPlugin' from project 'CapacitorApp')

SwiftDriver\ Compilation\ Requirements AppPlugin normal arm64 com.apple.xcode.tools.swift.compiler (in target 'AppPlugin' from project 'CapacitorApp')
    cd /Users/tommiller/Documents/Hyperframes\ Editor/tally/native/ios/App/App.xcodeproj
    builtin-Swift-Compilation-Requirements -- /Applications/Xcode.app/Contents/Developer/Toolchains/XcodeDefault.xctoolchain/usr/bin/swiftc -module-name AppPlugin -O -whole-module-optimization @/Users/tommiller/Library/Developer/Xcode/DerivedData/App-diekzjczilnndmekcbwxdbymtdym/Build/Intermediates.noindex/ArchiveIntermediates/App/IntermediateBuildFilesPath/CapacitorApp.build/Release-iphoneos/AppPlugin.build/Objects-normal/arm64/AppPlugin.SwiftFileList -DSWIFT_PACKAGE -DSWIFT_MODULE_RESOURCE_BUNDLE_UNAVAILABLE -DXcode -plugin-path /Applications/Xcode.app/Contents/Developer/Toolchains/XcodeDefault.xctoolchain/usr/lib/swift/host/plugins/testing -enable-experimental-feature DebugDescriptionMacro -sdk /Applications/Xcode.app/Contents/Developer/Platforms/iPhoneOS.platform/Developer/SDKs/iPhoneOS26.5.sdk -target arm64-apple-ios15.0 -g -module-cache-path /Users/tommiller/Library/Developer/Xcode/DerivedData/ModuleCache.noindex -Xfrontend -serialize-debugging-options -suppress-warnings -swift-version 5 -I /Users/tommiller/Library/Developer/Xcode/DerivedData/App-diekzjczilnndmekcbwxdbymtdym/Build/Intermediates.noindex/ArchiveIntermediates/App/BuildProductsPath/Release-iphoneos -Isystem /Applications/Xcode.app/Contents/Developer/Platforms/iPhoneOS.platform/Developer/usr/lib -F /Users/tommiller/Library/Developer/Xcode/DerivedData/App-diekzjczilnndmekcbwxdbymtdym/Build/Intermediates.noindex/ArchiveIntermediates/App/BuildProductsPath/Release-iphoneos -F /Applications/Xcode.app/Contents/Developer/Platforms/iPhoneOS.platform/Developer/Library/Frameworks -F /Applications/Xcode.app/Contents/Developer/Platforms/iPhoneOS.platform/Developer/SDKs/iPhoneOS26.5.sdk/Developer/Library/Frameworks -parse-as-library -c -num-threads 16 -Xcc -ivfsstatcache -Xcc /Users/tommiller/Library/Developer/Xcode/DerivedData/SDKStatCaches.noindex/iphoneos26.5-23F81a-32daed1954a7d5dd0789fcaf2a9bb78b.sdkstatcache -output-file-map /Users/tommiller/Library/Developer/Xcode/DerivedData/App-diekzjczilnndmekcbwxdbymtdym/Build/Intermediates.noindex/ArchiveIntermediates/App/IntermediateBuildFilesPath/CapacitorApp.build/Release-iphoneos/AppPlugin.build/Objects-normal/arm64/AppPlugin-OutputFileMap.json -use-frontend-parseable-output -save-temps -no-color-diagnostics -explicit-module-build -module-cache-path /Users/tommiller/Library/Developer/Xcode/DerivedData/App-diekzjczilnndmekcbwxdbymtdym/Build/Intermediates.noindex/ArchiveIntermediates/App/IntermediateBuildFilesPath/SwiftExplicitPrecompiledModules -clang-scanner-module-cache-path /Users/tommiller/Library/Developer/Xcode/DerivedData/ModuleCache.noindex -sdk-module-cache-path /Users/tommiller/Library/Developer/Xcode/DerivedData/ModuleCache.noindex -serialize-diagnostics -emit-dependencies -emit-module -emit-module-path /Users/tommiller/Library/Developer/Xcode/DerivedData/App-diekzjczilnndmekcbwxdbymtdym/Build/Intermediates.noindex/ArchiveIntermediates/App/IntermediateBuildFilesPath/CapacitorApp.build/Release-iphoneos/AppPlugin.build/Objects-normal/arm64/AppPlugin.swiftmodule -validate-clang-modules-once -clang-build-session-file /Users/tommiller/Library/Developer/Xcode/DerivedData/ModuleCache.noindex/Session.modulevalidation -package-name app -Xcc -I/Users/tommiller/Library/Developer/Xcode/DerivedData/App-diekzjczilnndmekcbwxdbymtdym/Build/Intermediates.noindex/ArchiveIntermediates/App/IntermediateBuildFilesPath/CapacitorApp.build/Release-iphoneos/AppPlugin.build/swift-overrides.hmap -emit-const-values -Xfrontend -const-gather-protocols-file -Xfrontend /Users/tommiller/Library/Developer/Xcode/DerivedData/App-diekzjczilnndmekcbwxdbymtdym/Build/Intermediates.noindex/ArchiveIntermediates/App/IntermediateBuildFilesPath/CapacitorApp.build/Release-iphoneos/AppPlugin.build/Objects-normal/arm64/AppPlugin_const_extract_protocols.json -Xcc -I/Users/tommiller/Library/Developer/Xcode/DerivedData/App-diekzjczilnndmekcbwxdbymtdym/Build/Intermediates.noindex/ArchiveIntermediates/App/BuildProductsPath/Release-iphoneos/include -Xcc -I/Users/tommiller/Library/Developer/Xcode/DerivedData/App-diekzjczilnndmekcbwxdbymtdym/Build/Intermediates.noindex/ArchiveIntermediates/App/IntermediateBuildFilesPath/CapacitorApp.build/Release-iphoneos/AppPlugin.build/DerivedSources-normal/arm64 -Xcc -I/Users/tommiller/Library/Developer/Xcode/DerivedData/App-diekzjczilnndmekcbwxdbymtdym/Build/Intermediates.noindex/ArchiveIntermediates/App/IntermediateBuildFilesPath/CapacitorApp.build/Release-iphoneos/AppPlugin.build/DerivedSources/arm64 -Xcc -I/Users/tommiller/Library/Developer/Xcode/DerivedData/App-diekzjczilnndmekcbwxdbymtdym/Build/Intermediates.noindex/ArchiveIntermediates/App/IntermediateBuildFilesPath/CapacitorApp.build/Release-iphoneos/AppPlugin.build/DerivedSources -Xcc -DSWIFT_PACKAGE -emit-objc-header -emit-objc-header-path /Users/tommiller/Library/Developer/Xcode/DerivedData/App-diekzjczilnndmekcbwxdbymtdym/Build/Intermediates.noindex/ArchiveIntermediates/App/IntermediateBuildFilesPath/CapacitorApp.build/Release-iphoneos/AppPlugin.build/Objects-normal/arm64/AppPlugin-Swift.h -working-directory /Users/tommiller/Documents/Hyperframes\ Editor/tally/native/ios/App/App.xcodeproj -no-emit-module-separately-wmo

SwiftMergeGeneratedHeaders /Users/tommiller/Library/Developer/Xcode/DerivedData/App-diekzjczilnndmekcbwxdbymtdym/Build/Intermediates.noindex/ArchiveIntermediates/App/IntermediateBuildFilesPath/GeneratedModuleMaps-iphoneos/AppPlugin-Swift.h /Users/tommiller/Library/Developer/Xcode/DerivedData/App-diekzjczilnndmekcbwxdbymtdym/Build/Intermediates.noindex/ArchiveIntermediates/App/IntermediateBuildFilesPath/CapacitorApp.build/Release-iphoneos/AppPlugin.build/Objects-normal/arm64/AppPlugin-Swift.h (in target 'AppPlugin' from project 'CapacitorApp')
    cd /Users/tommiller/Documents/Hyperframes\ Editor/tally/native/node_modules/@capacitor/app
    builtin-swiftHeaderTool -arch arm64 /Users/tommiller/Library/Developer/Xcode/DerivedData/App-diekzjczilnndmekcbwxdbymtdym/Build/Intermediates.noindex/ArchiveIntermediates/App/IntermediateBuildFilesPath/CapacitorApp.build/Release-iphoneos/AppPlugin.build/Objects-normal/arm64/AppPlugin-Swift.h -o /Users/tommiller/Library/Developer/Xcode/DerivedData/App-diekzjczilnndmekcbwxdbymtdym/Build/Intermediates.noindex/ArchiveIntermediates/App/IntermediateBuildFilesPath/GeneratedModuleMaps-iphoneos/AppPlugin-Swift.h

Copy /Users/tommiller/Library/Developer/Xcode/DerivedData/App-diekzjczilnndmekcbwxdbymtdym/Build/Intermediates.noindex/ArchiveIntermediates/App/BuildProductsPath/Release-iphoneos/AppPlugin.swiftmodule/arm64-apple-ios.swiftmodule /Users/tommiller/Library/Developer/Xcode/DerivedData/App-diekzjczilnndmekcbwxdbymtdym/Build/Intermediates.noindex/ArchiveIntermediates/App/IntermediateBuildFilesPath/CapacitorApp.build/Release-iphoneos/AppPlugin.build/Objects-normal/arm64/AppPlugin.swiftmodule (in target 'AppPlugin' from project 'CapacitorApp')
    cd /Users/tommiller/Documents/Hyperframes\ Editor/tally/native/node_modules/@capacitor/app
    builtin-copy -exclude .DS_Store -exclude CVS -exclude .svn -exclude .git -exclude .hg -strip-unsigned-binaries -strip-deterministic -strip-tool /Applications/Xcode.app/Contents/Developer/Toolchains/XcodeDefault.xctoolchain/usr/bin/strip -resolve-src-symlinks -rename /Users/tommiller/Library/Developer/Xcode/DerivedData/App-diekzjczilnndmekcbwxdbymtdym/Build/Intermediates.noindex/ArchiveIntermediates/App/IntermediateBuildFilesPath/CapacitorApp.build/Release-iphoneos/AppPlugin.build/Objects-normal/arm64/AppPlugin.swiftmodule /Users/tommiller/Library/Developer/Xcode/DerivedData/App-diekzjczilnndmekcbwxdbymtdym/Build/Intermediates.noindex/ArchiveIntermediates/App/BuildProductsPath/Release-iphoneos/AppPlugin.swiftmodule/arm64-apple-ios.swiftmodule

Copy /Users/tommiller/Library/Developer/Xcode/DerivedData/App-diekzjczilnndmekcbwxdbymtdym/Build/Intermediates.noindex/ArchiveIntermediates/App/BuildProductsPath/Release-iphoneos/AppPlugin.swiftmodule/arm64-apple-ios.swiftdoc /Users/tommiller/Library/Developer/Xcode/DerivedData/App-diekzjczilnndmekcbwxdbymtdym/Build/Intermediates.noindex/ArchiveIntermediates/App/IntermediateBuildFilesPath/CapacitorApp.build/Release-iphoneos/AppPlugin.build/Objects-normal/arm64/AppPlugin.swiftdoc (in target 'AppPlugin' from project 'CapacitorApp')
    cd /Users/tommiller/Documents/Hyperframes\ Editor/tally/native/node_modules/@capacitor/app
    builtin-copy -exclude .DS_Store -exclude CVS -exclude .svn -exclude .git -exclude .hg -strip-unsigned-binaries -strip-deterministic -strip-tool /Applications/Xcode.app/Contents/Developer/Toolchains/XcodeDefault.xctoolchain/usr/bin/strip -resolve-src-symlinks -rename /Users/tommiller/Library/Developer/Xcode/DerivedData/App-diekzjczilnndmekcbwxdbymtdym/Build/Intermediates.noindex/ArchiveIntermediates/App/IntermediateBuildFilesPath/CapacitorApp.build/Release-iphoneos/AppPlugin.build/Objects-normal/arm64/AppPlugin.swiftdoc /Users/tommiller/Library/Developer/Xcode/DerivedData/App-diekzjczilnndmekcbwxdbymtdym/Build/Intermediates.noindex/ArchiveIntermediates/App/BuildProductsPath/Release-iphoneos/AppPlugin.swiftmodule/arm64-apple-ios.swiftdoc

Copy /Users/tommiller/Library/Developer/Xcode/DerivedData/App-diekzjczilnndmekcbwxdbymtdym/Build/Intermediates.noindex/ArchiveIntermediates/App/BuildProductsPath/Release-iphoneos/AppPlugin.swiftmodule/arm64-apple-ios.abi.json /Users/tommiller/Library/Developer/Xcode/DerivedData/App-diekzjczilnndmekcbwxdbymtdym/Build/Intermediates.noindex/ArchiveIntermediates/App/IntermediateBuildFilesPath/CapacitorApp.build/Release-iphoneos/AppPlugin.build/Objects-normal/arm64/AppPlugin.abi.json (in target 'AppPlugin' from project 'CapacitorApp')
    cd /Users/tommiller/Documents/Hyperframes\ Editor/tally/native/node_modules/@capacitor/app
    builtin-copy -exclude .DS_Store -exclude CVS -exclude .svn -exclude .git -exclude .hg -strip-unsigned-binaries -strip-deterministic -strip-tool /Applications/Xcode.app/Contents/Developer/Toolchains/XcodeDefault.xctoolchain/usr/bin/strip -resolve-src-symlinks -rename /Users/tommiller/Library/Developer/Xcode/DerivedData/App-diekzjczilnndmekcbwxdbymtdym/Build/Intermediates.noindex/ArchiveIntermediates/App/IntermediateBuildFilesPath/CapacitorApp.build/Release-iphoneos/AppPlugin.build/Objects-normal/arm64/AppPlugin.abi.json /Users/tommiller/Library/Developer/Xcode/DerivedData/App-diekzjczilnndmekcbwxdbymtdym/Build/Intermediates.noindex/ArchiveIntermediates/App/BuildProductsPath/Release-iphoneos/AppPlugin.swiftmodule/arm64-apple-ios.abi.json

Ld /Users/tommiller/Library/Developer/Xcode/DerivedData/App-diekzjczilnndmekcbwxdbymtdym/Build/Intermediates.noindex/ArchiveIntermediates/App/IntermediateBuildFilesPath/UninstalledProducts/iphoneos/AppPlugin.o normal (in target 'AppPlugin' from project 'CapacitorApp')
    cd /Users/tommiller/Documents/Hyperframes\ Editor/tally/native/node_modules/@capacitor/app
    /Applications/Xcode.app/Contents/Developer/Toolchains/XcodeDefault.xctoolchain/usr/bin/clang -Xlinker -reproducible -target arm64-apple-ios15.0 -r -isysroot /Applications/Xcode.app/Contents/Developer/Platforms/iPhoneOS.platform/Developer/SDKs/iPhoneOS26.5.sdk -Os -w -F/Users/tommiller/Library/Developer/Xcode/DerivedData/App-diekzjczilnndmekcbwxdbymtdym/Build/Intermediates.noindex/ArchiveIntermediates/App/IntermediateBuildFilesPath/EagerLinkingTBDs/Release-iphoneos -F/Users/tommiller/Library/Developer/Xcode/DerivedData/App-diekzjczilnndmekcbwxdbymtdym/Build/Intermediates.noindex/ArchiveIntermediates/App/BuildProductsPath/Release-iphoneos -iframework /Applications/Xcode.app/Contents/Developer/Platforms/iPhoneOS.platform/Developer/Library/Frameworks -iframework /Applications/Xcode.app/Contents/Developer/Platforms/iPhoneOS.platform/Developer/SDKs/iPhoneOS26.5.sdk/Developer/Library/Frameworks -filelist /Users/tommiller/Library/Developer/Xcode/DerivedData/App-diekzjczilnndmekcbwxdbymtdym/Build/Intermediates.noindex/ArchiveIntermediates/App/IntermediateBuildFilesPath/CapacitorApp.build/Release-iphoneos/AppPlugin.build/Objects-normal/arm64/AppPlugin.LinkFileList -nostdlib -Xlinker -object_path_lto -Xlinker /Users/tommiller/Library/Developer/Xcode/DerivedData/App-diekzjczilnndmekcbwxdbymtdym/Build/Intermediates.noindex/ArchiveIntermediates/App/IntermediateBuildFilesPath/CapacitorApp.build/Release-iphoneos/AppPlugin.build/Objects-normal/arm64/AppPlugin_lto.o -Xlinker -dependency_info -Xlinker /Users/tommiller/Library/Developer/Xcode/DerivedData/App-diekzjczilnndmekcbwxdbymtdym/Build/Intermediates.noindex/ArchiveIntermediates/App/IntermediateBuildFilesPath/CapacitorApp.build/Release-iphoneos/AppPlugin.build/Objects-normal/arm64/AppPlugin_dependency_info.dat -fobjc-link-runtime -L/Applications/Xcode.app/Contents/Developer/Toolchains/XcodeDefault.xctoolchain/usr/lib/swift/iphoneos -L/usr/lib/swift -Xlinker -add_ast_path -Xlinker /Users/tommiller/Library/Developer/Xcode/DerivedData/App-diekzjczilnndmekcbwxdbymtdym/Build/Intermediates.noindex/ArchiveIntermediates/App/IntermediateBuildFilesPath/CapacitorApp.build/Release-iphoneos/AppPlugin.build/Objects-normal/arm64/AppPlugin.swiftmodule @/Users/tommiller/Library/Developer/Xcode/DerivedData/App-diekzjczilnndmekcbwxdbymtdym/Build/Intermediates.noindex/ArchiveIntermediates/App/IntermediateBuildFilesPath/CapacitorApp.build/Release-iphoneos/AppPlugin.build/Objects-normal/arm64/AppPlugin-linker-args.resp -o /Users/tommiller/Library/Developer/Xcode/DerivedData/App-diekzjczilnndmekcbwxdbymtdym/Build/Intermediates.noindex/ArchiveIntermediates/App/IntermediateBuildFilesPath/UninstalledProducts/iphoneos/AppPlugin.o

ExtractAppIntentsMetadata (in target 'AppPlugin' from project 'CapacitorApp')
    cd /Users/tommiller/Documents/Hyperframes\ Editor/tally/native/node_modules/@capacitor/app
    /Applications/Xcode.app/Contents/Developer/Toolchains/XcodeDefault.xctoolchain/usr/bin/appintentsmetadataprocessor --toolchain-dir /Applications/Xcode.app/Contents/Developer/Toolchains/XcodeDefault.xctoolchain --module-name AppPlugin --sdk-root /Applications/Xcode.app/Contents/Developer/Platforms/iPhoneOS.platform/Developer/SDKs/iPhoneOS26.5.sdk --xcode-version 17F113 --platform-family iOS --deployment-target 15.0 --bundle-identifier app.AppPlugin --output /Users/tommiller/Library/Developer/Xcode/DerivedData/App-diekzjczilnndmekcbwxdbymtdym/Build/Intermediates.noindex/ArchiveIntermediates/App/IntermediateBuildFilesPath/UninstalledProducts/iphoneos/AppPlugin.appintents --target-triple arm64-apple-ios15.0 --binary-file /Users/tommiller/Library/Developer/Xcode/DerivedData/App-diekzjczilnndmekcbwxdbymtdym/Build/Intermediates.noindex/ArchiveIntermediates/App/IntermediateBuildFilesPath/UninstalledProducts/iphoneos/AppPlugin.o --dependency-file /Users/tommiller/Library/Developer/Xcode/DerivedData/App-diekzjczilnndmekcbwxdbymtdym/Build/Intermediates.noindex/ArchiveIntermediates/App/IntermediateBuildFilesPath/CapacitorApp.build/Release-iphoneos/AppPlugin.build/Objects-normal/arm64/AppPlugin_dependency_info.dat --stringsdata-file /Users/tommiller/Library/Developer/Xcode/DerivedData/App-diekzjczilnndmekcbwxdbymtdym/Build/Intermediates.noindex/ArchiveIntermediates/App/IntermediateBuildFilesPath/CapacitorApp.build/Release-iphoneos/AppPlugin.build/Objects-normal/arm64/ExtractedAppShortcutsMetadata.stringsdata --source-file-list /Users/tommiller/Library/Developer/Xcode/DerivedData/App-diekzjczilnndmekcbwxdbymtdym/Build/Intermediates.noindex/ArchiveIntermediates/App/IntermediateBuildFilesPath/CapacitorApp.build/Release-iphoneos/AppPlugin.build/Objects-normal/arm64/AppPlugin.SwiftFileList --metadata-file-list /Users/tommiller/Library/Developer/Xcode/DerivedData/App-diekzjczilnndmekcbwxdbymtdym/Build/Intermediates.noindex/ArchiveIntermediates/App/IntermediateBuildFilesPath/CapacitorApp.build/Release-iphoneos/AppPlugin.build/AppPlugin.DependencyMetadataFileList --static-metadata-file-list /Users/tommiller/Library/Developer/Xcode/DerivedData/App-diekzjczilnndmekcbwxdbymtdym/Build/Intermediates.noindex/ArchiveIntermediates/App/IntermediateBuildFilesPath/CapacitorApp.build/Release-iphoneos/AppPlugin.build/AppPlugin.DependencyStaticMetadataFileList --swift-const-vals-list /Users/tommiller/Library/Developer/Xcode/DerivedData/App-diekzjczilnndmekcbwxdbymtdym/Build/Intermediates.noindex/ArchiveIntermediates/App/IntermediateBuildFilesPath/CapacitorApp.build/Release-iphoneos/AppPlugin.build/Objects-normal/arm64/AppPlugin.SwiftConstValuesFileList --force --compile-time-extraction --deployment-aware-processing --validate-assistant-intents --no-app-shortcuts-localization
2026-07-27 06:47:20.464 appintentsmetadataprocessor[83939:15971746] Starting appintentsmetadataprocessor export
2026-07-27 06:47:20.479 appintentsmetadataprocessor[83939:15971746] Extracted no relevant App Intents symbols, skipping writing output

SetOwnerAndGroup tommiller:staff /Users/tommiller/Library/Developer/Xcode/DerivedData/App-diekzjczilnndmekcbwxdbymtdym/Build/Intermediates.noindex/ArchiveIntermediates/App/IntermediateBuildFilesPath/UninstalledProducts/iphoneos/AppPlugin.o (in target 'AppPlugin' from project 'CapacitorApp')
    cd /Users/tommiller/Documents/Hyperframes\ Editor/tally/native/node_modules/@capacitor/app
    /usr/sbin/chown -RH tommiller:staff /Users/tommiller/Library/Developer/Xcode/DerivedData/App-diekzjczilnndmekcbwxdbymtdym/Build/Intermediates.noindex/ArchiveIntermediates/App/IntermediateBuildFilesPath/UninstalledProducts/iphoneos/AppPlugin.o

SetMode u+w,go-w,a+rX /Users/tommiller/Library/Developer/Xcode/DerivedData/App-diekzjczilnndmekcbwxdbymtdym/Build/Intermediates.noindex/ArchiveIntermediates/App/IntermediateBuildFilesPath/UninstalledProducts/iphoneos/AppPlugin.o (in target 'AppPlugin' from project 'CapacitorApp')
    cd /Users/tommiller/Documents/Hyperframes\ Editor/tally/native/node_modules/@capacitor/app
    /bin/chmod -RH u+w,go-w,a+rX /Users/tommiller/Library/Developer/Xcode/DerivedData/App-diekzjczilnndmekcbwxdbymtdym/Build/Intermediates.noindex/ArchiveIntermediates/App/IntermediateBuildFilesPath/UninstalledProducts/iphoneos/AppPlugin.o

RegisterExecutionPolicyException /Users/tommiller/Library/Developer/Xcode/DerivedData/App-diekzjczilnndmekcbwxdbymtdym/Build/Intermediates.noindex/ArchiveIntermediates/App/IntermediateBuildFilesPath/UninstalledProducts/iphoneos/AppPlugin.o (in target 'AppPlugin' from project 'CapacitorApp')
    cd /Users/tommiller/Documents/Hyperframes\ Editor/tally/native/node_modules/@capacitor/app
    builtin-RegisterExecutionPolicyException /Users/tommiller/Library/Developer/Xcode/DerivedData/App-diekzjczilnndmekcbwxdbymtdym/Build/Intermediates.noindex/ArchiveIntermediates/App/IntermediateBuildFilesPath/UninstalledProducts/iphoneos/AppPlugin.o

SwiftDriverJobDiscovery normal arm64 Compiling LocalNotificationsHandler.swift, LocalNotificationsPlugin.swift (in target 'LocalNotificationsPlugin' from project 'CapacitorLocalNotifications')

SwiftDriver\ Compilation\ Requirements LocalNotificationsPlugin normal arm64 com.apple.xcode.tools.swift.compiler (in target 'LocalNotificationsPlugin' from project 'CapacitorLocalNotifications')
    cd /Users/tommiller/Documents/Hyperframes\ Editor/tally/native/ios/App/App.xcodeproj
    builtin-Swift-Compilation-Requirements -- /Applications/Xcode.app/Contents/Developer/Toolchains/XcodeDefault.xctoolchain/usr/bin/swiftc -module-name LocalNotificationsPlugin -O -whole-module-optimization @/Users/tommiller/Library/Developer/Xcode/DerivedData/App-diekzjczilnndmekcbwxdbymtdym/Build/Intermediates.noindex/ArchiveIntermediates/App/IntermediateBuildFilesPath/CapacitorLocalNotifications.build/Release-iphoneos/LocalNotificationsPlugin.build/Objects-normal/arm64/LocalNotificationsPlugin.SwiftFileList -DSWIFT_PACKAGE -DSWIFT_MODULE_RESOURCE_BUNDLE_UNAVAILABLE -DXcode -plugin-path /Applications/Xcode.app/Contents/Developer/Toolchains/XcodeDefault.xctoolchain/usr/lib/swift/host/plugins/testing -enable-experimental-feature DebugDescriptionMacro -sdk /Applications/Xcode.app/Contents/Developer/Platforms/iPhoneOS.platform/Developer/SDKs/iPhoneOS26.5.sdk -target arm64-apple-ios15.0 -g -module-cache-path /Users/tommiller/Library/Developer/Xcode/DerivedData/ModuleCache.noindex -Xfrontend -serialize-debugging-options -suppress-warnings -swift-version 5 -I /Users/tommiller/Library/Developer/Xcode/DerivedData/App-diekzjczilnndmekcbwxdbymtdym/Build/Intermediates.noindex/ArchiveIntermediates/App/BuildProductsPath/Release-iphoneos -Isystem /Applications/Xcode.app/Contents/Developer/Platforms/iPhoneOS.platform/Developer/usr/lib -F /Users/tommiller/Library/Developer/Xcode/DerivedData/App-diekzjczilnndmekcbwxdbymtdym/Build/Intermediates.noindex/ArchiveIntermediates/App/BuildProductsPath/Release-iphoneos -F /Applications/Xcode.app/Contents/Developer/Platforms/iPhoneOS.platform/Developer/Library/Frameworks -F /Applications/Xcode.app/Contents/Developer/Platforms/iPhoneOS.platform/Developer/SDKs/iPhoneOS26.5.sdk/Developer/Library/Frameworks -c -num-threads 16 -Xcc -ivfsstatcache -Xcc /Users/tommiller/Library/Developer/Xcode/DerivedData/SDKStatCaches.noindex/iphoneos26.5-23F81a-32daed1954a7d5dd0789fcaf2a9bb78b.sdkstatcache -output-file-map /Users/tommiller/Library/Developer/Xcode/DerivedData/App-diekzjczilnndmekcbwxdbymtdym/Build/Intermediates.noindex/ArchiveIntermediates/App/IntermediateBuildFilesPath/CapacitorLocalNotifications.build/Release-iphoneos/LocalNotificationsPlugin.build/Objects-normal/arm64/LocalNotificationsPlugin-OutputFileMap.json -use-frontend-parseable-output -save-temps -no-color-diagnostics -explicit-module-build -module-cache-path /Users/tommiller/Library/Developer/Xcode/DerivedData/App-diekzjczilnndmekcbwxdbymtdym/Build/Intermediates.noindex/ArchiveIntermediates/App/IntermediateBuildFilesPath/SwiftExplicitPrecompiledModules -clang-scanner-module-cache-path /Users/tommiller/Library/Developer/Xcode/DerivedData/ModuleCache.noindex -sdk-module-cache-path /Users/tommiller/Library/Developer/Xcode/DerivedData/ModuleCache.noindex -serialize-diagnostics -emit-dependencies -emit-module -emit-module-path /Users/tommiller/Library/Developer/Xcode/DerivedData/App-diekzjczilnndmekcbwxdbymtdym/Build/Intermediates.noindex/ArchiveIntermediates/App/IntermediateBuildFilesPath/CapacitorLocalNotifications.build/Release-iphoneos/LocalNotificationsPlugin.build/Objects-normal/arm64/LocalNotificationsPlugin.swiftmodule -validate-clang-modules-once -clang-build-session-file /Users/tommiller/Library/Developer/Xcode/DerivedData/ModuleCache.noindex/Session.modulevalidation -package-name local_notifications -Xcc -I/Users/tommiller/Library/Developer/Xcode/DerivedData/App-diekzjczilnndmekcbwxdbymtdym/Build/Intermediates.noindex/ArchiveIntermediates/App/IntermediateBuildFilesPath/CapacitorLocalNotifications.build/Release-iphoneos/LocalNotificationsPlugin.build/swift-overrides.hmap -emit-const-values -Xfrontend -const-gather-protocols-file -Xfrontend /Users/tommiller/Library/Developer/Xcode/DerivedData/App-diekzjczilnndmekcbwxdbymtdym/Build/Intermediates.noindex/ArchiveIntermediates/App/IntermediateBuildFilesPath/CapacitorLocalNotifications.build/Release-iphoneos/LocalNotificationsPlugin.build/Objects-normal/arm64/LocalNotificationsPlugin_const_extract_protocols.json -Xcc -I/Users/tommiller/Library/Developer/Xcode/DerivedData/App-diekzjczilnndmekcbwxdbymtdym/Build/Intermediates.noindex/ArchiveIntermediates/App/BuildProductsPath/Release-iphoneos/include -Xcc -I/Users/tommiller/Library/Developer/Xcode/DerivedData/App-diekzjczilnndmekcbwxdbymtdym/Build/Intermediates.noindex/ArchiveIntermediates/App/IntermediateBuildFilesPath/CapacitorLocalNotifications.build/Release-iphoneos/LocalNotificationsPlugin.build/DerivedSources-normal/arm64 -Xcc -I/Users/tommiller/Library/Developer/Xcode/DerivedData/App-diekzjczilnndmekcbwxdbymtdym/Build/Intermediates.noindex/ArchiveIntermediates/App/IntermediateBuildFilesPath/CapacitorLocalNotifications.build/Release-iphoneos/LocalNotificationsPlugin.build/DerivedSources/arm64 -Xcc -I/Users/tommiller/Library/Developer/Xcode/DerivedData/App-diekzjczilnndmekcbwxdbymtdym/Build/Intermediates.noindex/ArchiveIntermediates/App/IntermediateBuildFilesPath/CapacitorLocalNotifications.build/Release-iphoneos/LocalNotificationsPlugin.build/DerivedSources -Xcc -DSWIFT_PACKAGE -emit-objc-header -emit-objc-header-path /Users/tommiller/Library/Developer/Xcode/DerivedData/App-diekzjczilnndmekcbwxdbymtdym/Build/Intermediates.noindex/ArchiveIntermediates/App/IntermediateBuildFilesPath/CapacitorLocalNotifications.build/Release-iphoneos/LocalNotificationsPlugin.build/Objects-normal/arm64/LocalNotificationsPlugin-Swift.h -working-directory /Users/tommiller/Documents/Hyperframes\ Editor/tally/native/ios/App/App.xcodeproj -no-emit-module-separately-wmo

SwiftMergeGeneratedHeaders /Users/tommiller/Library/Developer/Xcode/DerivedData/App-diekzjczilnndmekcbwxdbymtdym/Build/Intermediates.noindex/ArchiveIntermediates/App/IntermediateBuildFilesPath/GeneratedModuleMaps-iphoneos/LocalNotificationsPlugin-Swift.h /Users/tommiller/Library/Developer/Xcode/DerivedData/App-diekzjczilnndmekcbwxdbymtdym/Build/Intermediates.noindex/ArchiveIntermediates/App/IntermediateBuildFilesPath/CapacitorLocalNotifications.build/Release-iphoneos/LocalNotificationsPlugin.build/Objects-normal/arm64/LocalNotificationsPlugin-Swift.h (in target 'LocalNotificationsPlugin' from project 'CapacitorLocalNotifications')
    cd /Users/tommiller/Documents/Hyperframes\ Editor/tally/native/node_modules/@capacitor/local-notifications
    builtin-swiftHeaderTool -arch arm64 /Users/tommiller/Library/Developer/Xcode/DerivedData/App-diekzjczilnndmekcbwxdbymtdym/Build/Intermediates.noindex/ArchiveIntermediates/App/IntermediateBuildFilesPath/CapacitorLocalNotifications.build/Release-iphoneos/LocalNotificationsPlugin.build/Objects-normal/arm64/LocalNotificationsPlugin-Swift.h -o /Users/tommiller/Library/Developer/Xcode/DerivedData/App-diekzjczilnndmekcbwxdbymtdym/Build/Intermediates.noindex/ArchiveIntermediates/App/IntermediateBuildFilesPath/GeneratedModuleMaps-iphoneos/LocalNotificationsPlugin-Swift.h

Copy /Users/tommiller/Library/Developer/Xcode/DerivedData/App-diekzjczilnndmekcbwxdbymtdym/Build/Intermediates.noindex/ArchiveIntermediates/App/BuildProductsPath/Release-iphoneos/LocalNotificationsPlugin.swiftmodule/arm64-apple-ios.abi.json /Users/tommiller/Library/Developer/Xcode/DerivedData/App-diekzjczilnndmekcbwxdbymtdym/Build/Intermediates.noindex/ArchiveIntermediates/App/IntermediateBuildFilesPath/CapacitorLocalNotifications.build/Release-iphoneos/LocalNotificationsPlugin.build/Objects-normal/arm64/LocalNotificationsPlugin.abi.json (in target 'LocalNotificationsPlugin' from project 'CapacitorLocalNotifications')
    cd /Users/tommiller/Documents/Hyperframes\ Editor/tally/native/node_modules/@capacitor/local-notifications
    builtin-copy -exclude .DS_Store -exclude CVS -exclude .svn -exclude .git -exclude .hg -strip-unsigned-binaries -strip-deterministic -strip-tool /Applications/Xcode.app/Contents/Developer/Toolchains/XcodeDefault.xctoolchain/usr/bin/strip -resolve-src-symlinks -rename /Users/tommiller/Library/Developer/Xcode/DerivedData/App-diekzjczilnndmekcbwxdbymtdym/Build/Intermediates.noindex/ArchiveIntermediates/App/IntermediateBuildFilesPath/CapacitorLocalNotifications.build/Release-iphoneos/LocalNotificationsPlugin.build/Objects-normal/arm64/LocalNotificationsPlugin.abi.json /Users/tommiller/Library/Developer/Xcode/DerivedData/App-diekzjczilnndmekcbwxdbymtdym/Build/Intermediates.noindex/ArchiveIntermediates/App/BuildProductsPath/Release-iphoneos/LocalNotificationsPlugin.swiftmodule/arm64-apple-ios.abi.json

Copy /Users/tommiller/Library/Developer/Xcode/DerivedData/App-diekzjczilnndmekcbwxdbymtdym/Build/Intermediates.noindex/ArchiveIntermediates/App/BuildProductsPath/Release-iphoneos/LocalNotificationsPlugin.swiftmodule/arm64-apple-ios.swiftdoc /Users/tommiller/Library/Developer/Xcode/DerivedData/App-diekzjczilnndmekcbwxdbymtdym/Build/Intermediates.noindex/ArchiveIntermediates/App/IntermediateBuildFilesPath/CapacitorLocalNotifications.build/Release-iphoneos/LocalNotificationsPlugin.build/Objects-normal/arm64/LocalNotificationsPlugin.swiftdoc (in target 'LocalNotificationsPlugin' from project 'CapacitorLocalNotifications')
    cd /Users/tommiller/Documents/Hyperframes\ Editor/tally/native/node_modules/@capacitor/local-notifications
    builtin-copy -exclude .DS_Store -exclude CVS -exclude .svn -exclude .git -exclude .hg -strip-unsigned-binaries -strip-deterministic -strip-tool /Applications/Xcode.app/Contents/Developer/Toolchains/XcodeDefault.xctoolchain/usr/bin/strip -resolve-src-symlinks -rename /Users/tommiller/Library/Developer/Xcode/DerivedData/App-diekzjczilnndmekcbwxdbymtdym/Build/Intermediates.noindex/ArchiveIntermediates/App/IntermediateBuildFilesPath/CapacitorLocalNotifications.build/Release-iphoneos/LocalNotificationsPlugin.build/Objects-normal/arm64/LocalNotificationsPlugin.swiftdoc /Users/tommiller/Library/Developer/Xcode/DerivedData/App-diekzjczilnndmekcbwxdbymtdym/Build/Intermediates.noindex/ArchiveIntermediates/App/BuildProductsPath/Release-iphoneos/LocalNotificationsPlugin.swiftmodule/arm64-apple-ios.swiftdoc

Copy /Users/tommiller/Library/Developer/Xcode/DerivedData/App-diekzjczilnndmekcbwxdbymtdym/Build/Intermediates.noindex/ArchiveIntermediates/App/BuildProductsPath/Release-iphoneos/LocalNotificationsPlugin.swiftmodule/arm64-apple-ios.swiftmodule /Users/tommiller/Library/Developer/Xcode/DerivedData/App-diekzjczilnndmekcbwxdbymtdym/Build/Intermediates.noindex/ArchiveIntermediates/App/IntermediateBuildFilesPath/CapacitorLocalNotifications.build/Release-iphoneos/LocalNotificationsPlugin.build/Objects-normal/arm64/LocalNotificationsPlugin.swiftmodule (in target 'LocalNotificationsPlugin' from project 'CapacitorLocalNotifications')
    cd /Users/tommiller/Documents/Hyperframes\ Editor/tally/native/node_modules/@capacitor/local-notifications
    builtin-copy -exclude .DS_Store -exclude CVS -exclude .svn -exclude .git -exclude .hg -strip-unsigned-binaries -strip-deterministic -strip-tool /Applications/Xcode.app/Contents/Developer/Toolchains/XcodeDefault.xctoolchain/usr/bin/strip -resolve-src-symlinks -rename /Users/tommiller/Library/Developer/Xcode/DerivedData/App-diekzjczilnndmekcbwxdbymtdym/Build/Intermediates.noindex/ArchiveIntermediates/App/IntermediateBuildFilesPath/CapacitorLocalNotifications.build/Release-iphoneos/LocalNotificationsPlugin.build/Objects-normal/arm64/LocalNotificationsPlugin.swiftmodule /Users/tommiller/Library/Developer/Xcode/DerivedData/App-diekzjczilnndmekcbwxdbymtdym/Build/Intermediates.noindex/ArchiveIntermediates/App/BuildProductsPath/Release-iphoneos/LocalNotificationsPlugin.swiftmodule/arm64-apple-ios.swiftmodule

Ld /Users/tommiller/Library/Developer/Xcode/DerivedData/App-diekzjczilnndmekcbwxdbymtdym/Build/Intermediates.noindex/ArchiveIntermediates/App/IntermediateBuildFilesPath/UninstalledProducts/iphoneos/LocalNotificationsPlugin.o normal (in target 'LocalNotificationsPlugin' from project 'CapacitorLocalNotifications')
    cd /Users/tommiller/Documents/Hyperframes\ Editor/tally/native/node_modules/@capacitor/local-notifications
    /Applications/Xcode.app/Contents/Developer/Toolchains/XcodeDefault.xctoolchain/usr/bin/clang -Xlinker -reproducible -target arm64-apple-ios15.0 -r -isysroot /Applications/Xcode.app/Contents/Developer/Platforms/iPhoneOS.platform/Developer/SDKs/iPhoneOS26.5.sdk -Os -w -F/Users/tommiller/Library/Developer/Xcode/DerivedData/App-diekzjczilnndmekcbwxdbymtdym/Build/Intermediates.noindex/ArchiveIntermediates/App/IntermediateBuildFilesPath/EagerLinkingTBDs/Release-iphoneos -F/Users/tommiller/Library/Developer/Xcode/DerivedData/App-diekzjczilnndmekcbwxdbymtdym/Build/Intermediates.noindex/ArchiveIntermediates/App/BuildProductsPath/Release-iphoneos -iframework /Applications/Xcode.app/Contents/Developer/Platforms/iPhoneOS.platform/Developer/Library/Frameworks -iframework /Applications/Xcode.app/Contents/Developer/Platforms/iPhoneOS.platform/Developer/SDKs/iPhoneOS26.5.sdk/Developer/Library/Frameworks -filelist /Users/tommiller/Library/Developer/Xcode/DerivedData/App-diekzjczilnndmekcbwxdbymtdym/Build/Intermediates.noindex/ArchiveIntermediates/App/IntermediateBuildFilesPath/CapacitorLocalNotifications.build/Release-iphoneos/LocalNotificationsPlugin.build/Objects-normal/arm64/LocalNotificationsPlugin.LinkFileList -nostdlib -Xlinker -object_path_lto -Xlinker /Users/tommiller/Library/Developer/Xcode/DerivedData/App-diekzjczilnndmekcbwxdbymtdym/Build/Intermediates.noindex/ArchiveIntermediates/App/IntermediateBuildFilesPath/CapacitorLocalNotifications.build/Release-iphoneos/LocalNotificationsPlugin.build/Objects-normal/arm64/LocalNotificationsPlugin_lto.o -Xlinker -dependency_info -Xlinker /Users/tommiller/Library/Developer/Xcode/DerivedData/App-diekzjczilnndmekcbwxdbymtdym/Build/Intermediates.noindex/ArchiveIntermediates/App/IntermediateBuildFilesPath/CapacitorLocalNotifications.build/Release-iphoneos/LocalNotificationsPlugin.build/Objects-normal/arm64/LocalNotificationsPlugin_dependency_info.dat -fobjc-link-runtime -L/Applications/Xcode.app/Contents/Developer/Toolchains/XcodeDefault.xctoolchain/usr/lib/swift/iphoneos -L/usr/lib/swift -Xlinker -add_ast_path -Xlinker /Users/tommiller/Library/Developer/Xcode/DerivedData/App-diekzjczilnndmekcbwxdbymtdym/Build/Intermediates.noindex/ArchiveIntermediates/App/IntermediateBuildFilesPath/CapacitorLocalNotifications.build/Release-iphoneos/LocalNotificationsPlugin.build/Objects-normal/arm64/LocalNotificationsPlugin.swiftmodule @/Users/tommiller/Library/Developer/Xcode/DerivedData/App-diekzjczilnndmekcbwxdbymtdym/Build/Intermediates.noindex/ArchiveIntermediates/App/IntermediateBuildFilesPath/CapacitorLocalNotifications.build/Release-iphoneos/LocalNotificationsPlugin.build/Objects-normal/arm64/LocalNotificationsPlugin-linker-args.resp -o /Users/tommiller/Library/Developer/Xcode/DerivedData/App-diekzjczilnndmekcbwxdbymtdym/Build/Intermediates.noindex/ArchiveIntermediates/App/IntermediateBuildFilesPath/UninstalledProducts/iphoneos/LocalNotificationsPlugin.o

SwiftDriver CapApp-SPM normal arm64 com.apple.xcode.tools.swift.compiler (in target 'CapApp-SPM' from project 'CapApp-SPM')
    cd /Users/tommiller/Documents/Hyperframes\ Editor/tally/native/ios/App/App.xcodeproj
    builtin-SwiftDriver -- /Applications/Xcode.app/Contents/Developer/Toolchains/XcodeDefault.xctoolchain/usr/bin/swiftc -module-name CapApp_SPM -O -whole-module-optimization @/Users/tommiller/Library/Developer/Xcode/DerivedData/App-diekzjczilnndmekcbwxdbymtdym/Build/Intermediates.noindex/ArchiveIntermediates/App/IntermediateBuildFilesPath/CapApp-SPM.build/Release-iphoneos/CapApp-SPM.build/Objects-normal/arm64/CapApp-SPM.SwiftFileList -DSWIFT_PACKAGE -DSWIFT_MODULE_RESOURCE_BUNDLE_UNAVAILABLE -DXcode -plugin-path /Applications/Xcode.app/Contents/Developer/Toolchains/XcodeDefault.xctoolchain/usr/lib/swift/host/plugins/testing -enable-experimental-feature DebugDescriptionMacro -sdk /Applications/Xcode.app/Contents/Developer/Platforms/iPhoneOS.platform/Developer/SDKs/iPhoneOS26.5.sdk -target arm64-apple-ios15.0 -g -module-cache-path /Users/tommiller/Library/Developer/Xcode/DerivedData/ModuleCache.noindex -Xfrontend -serialize-debugging-options -suppress-warnings -swift-version 5 -I /Users/tommiller/Library/Developer/Xcode/DerivedData/App-diekzjczilnndmekcbwxdbymtdym/Build/Intermediates.noindex/ArchiveIntermediates/App/BuildProductsPath/Release-iphoneos -Isystem /Applications/Xcode.app/Contents/Developer/Platforms/iPhoneOS.platform/Developer/usr/lib -F /Users/tommiller/Library/Developer/Xcode/DerivedData/App-diekzjczilnndmekcbwxdbymtdym/Build/Intermediates.noindex/ArchiveIntermediates/App/BuildProductsPath/Release-iphoneos/PackageFrameworks -F /Users/tommiller/Library/Developer/Xcode/DerivedData/App-diekzjczilnndmekcbwxdbymtdym/Build/Intermediates.noindex/ArchiveIntermediates/App/BuildProductsPath/Release-iphoneos/PackageFrameworks -F /Users/tommiller/Library/Developer/Xcode/DerivedData/App-diekzjczilnndmekcbwxdbymtdym/Build/Intermediates.noindex/ArchiveIntermediates/App/BuildProductsPath/Release-iphoneos -F /Applications/Xcode.app/Contents/Developer/Platforms/iPhoneOS.platform/Developer/Library/Frameworks -F /Applications/Xcode.app/Contents/Developer/Platforms/iPhoneOS.platform/Developer/SDKs/iPhoneOS26.5.sdk/Developer/Library/Frameworks -parse-as-library -c -num-threads 16 -Xcc -ivfsstatcache -Xcc /Users/tommiller/Library/Developer/Xcode/DerivedData/SDKStatCaches.noindex/iphoneos26.5-23F81a-32daed1954a7d5dd0789fcaf2a9bb78b.sdkstatcache -output-file-map /Users/tommiller/Library/Developer/Xcode/DerivedData/App-diekzjczilnndmekcbwxdbymtdym/Build/Intermediates.noindex/ArchiveIntermediates/App/IntermediateBuildFilesPath/CapApp-SPM.build/Release-iphoneos/CapApp-SPM.build/Objects-normal/arm64/CapApp-SPM-OutputFileMap.json -use-frontend-parseable-output -save-temps -no-color-diagnostics -explicit-module-build -module-cache-path /Users/tommiller/Library/Developer/Xcode/DerivedData/App-diekzjczilnndmekcbwxdbymtdym/Build/Intermediates.noindex/ArchiveIntermediates/App/IntermediateBuildFilesPath/SwiftExplicitPrecompiledModules -clang-scanner-module-cache-path /Users/tommiller/Library/Developer/Xcode/DerivedData/ModuleCache.noindex -sdk-module-cache-path /Users/tommiller/Library/Developer/Xcode/DerivedData/ModuleCache.noindex -serialize-diagnostics -emit-dependencies -emit-module -emit-module-path /Users/tommiller/Library/Developer/Xcode/DerivedData/App-diekzjczilnndmekcbwxdbymtdym/Build/Intermediates.noindex/ArchiveIntermediates/App/IntermediateBuildFilesPath/CapApp-SPM.build/Release-iphoneos/CapApp-SPM.build/Objects-normal/arm64/CapApp_SPM.swiftmodule -validate-clang-modules-once -clang-build-session-file /Users/tommiller/Library/Developer/Xcode/DerivedData/ModuleCache.noindex/Session.modulevalidation -package-name capapp_spm -Xcc -I/Users/tommiller/Library/Developer/Xcode/DerivedData/App-diekzjczilnndmekcbwxdbymtdym/Build/Intermediates.noindex/ArchiveIntermediates/App/IntermediateBuildFilesPath/CapApp-SPM.build/Release-iphoneos/CapApp-SPM.build/swift-overrides.hmap -emit-const-values -Xfrontend -const-gather-protocols-file -Xfrontend /Users/tommiller/Library/Developer/Xcode/DerivedData/App-diekzjczilnndmekcbwxdbymtdym/Build/Intermediates.noindex/ArchiveIntermediates/App/IntermediateBuildFilesPath/CapApp-SPM.build/Release-iphoneos/CapApp-SPM.build/Objects-normal/arm64/CapApp-SPM_const_extract_protocols.json -Xcc -I/Users/tommiller/Library/Developer/Xcode/DerivedData/App-diekzjczilnndmekcbwxdbymtdym/Build/Intermediates.noindex/ArchiveIntermediates/App/BuildProductsPath/Release-iphoneos/include -Xcc -I/Users/tommiller/Library/Developer/Xcode/DerivedData/App-diekzjczilnndmekcbwxdbymtdym/Build/Intermediates.noindex/ArchiveIntermediates/App/IntermediateBuildFilesPath/CapApp-SPM.build/Release-iphoneos/CapApp-SPM.build/DerivedSources-normal/arm64 -Xcc -I/Users/tommiller/Library/Developer/Xcode/DerivedData/App-diekzjczilnndmekcbwxdbymtdym/Build/Intermediates.noindex/ArchiveIntermediates/App/IntermediateBuildFilesPath/CapApp-SPM.build/Release-iphoneos/CapApp-SPM.build/DerivedSources/arm64 -Xcc -I/Users/tommiller/Library/Developer/Xcode/DerivedData/App-diekzjczilnndmekcbwxdbymtdym/Build/Intermediates.noindex/ArchiveIntermediates/App/IntermediateBuildFilesPath/CapApp-SPM.build/Release-iphoneos/CapApp-SPM.build/DerivedSources -Xcc -DSWIFT_PACKAGE -emit-objc-header -emit-objc-header-path /Users/tommiller/Library/Developer/Xcode/DerivedData/App-diekzjczilnndmekcbwxdbymtdym/Build/Intermediates.noindex/ArchiveIntermediates/App/IntermediateBuildFilesPath/CapApp-SPM.build/Release-iphoneos/CapApp-SPM.build/Objects-normal/arm64/CapApp-SPM-Swift.h -working-directory /Users/tommiller/Documents/Hyperframes\ Editor/tally/native/ios/App/App.xcodeproj -no-emit-module-separately-wmo

ExtractAppIntentsMetadata (in target 'LocalNotificationsPlugin' from project 'CapacitorLocalNotifications')
    cd /Users/tommiller/Documents/Hyperframes\ Editor/tally/native/node_modules/@capacitor/local-notifications
    /Applications/Xcode.app/Contents/Developer/Toolchains/XcodeDefault.xctoolchain/usr/bin/appintentsmetadataprocessor --toolchain-dir /Applications/Xcode.app/Contents/Developer/Toolchains/XcodeDefault.xctoolchain --module-name LocalNotificationsPlugin --sdk-root /Applications/Xcode.app/Contents/Developer/Platforms/iPhoneOS.platform/Developer/SDKs/iPhoneOS26.5.sdk --xcode-version 17F113 --platform-family iOS --deployment-target 15.0 --bundle-identifier local-notifications.LocalNotificationsPlugin --output /Users/tommiller/Library/Developer/Xcode/DerivedData/App-diekzjczilnndmekcbwxdbymtdym/Build/Intermediates.noindex/ArchiveIntermediates/App/IntermediateBuildFilesPath/UninstalledProducts/iphoneos/LocalNotificationsPlugin.appintents --target-triple arm64-apple-ios15.0 --binary-file /Users/tommiller/Library/Developer/Xcode/DerivedData/App-diekzjczilnndmekcbwxdbymtdym/Build/Intermediates.noindex/ArchiveIntermediates/App/IntermediateBuildFilesPath/UninstalledProducts/iphoneos/LocalNotificationsPlugin.o --dependency-file /Users/tommiller/Library/Developer/Xcode/DerivedData/App-diekzjczilnndmekcbwxdbymtdym/Build/Intermediates.noindex/ArchiveIntermediates/App/IntermediateBuildFilesPath/CapacitorLocalNotifications.build/Release-iphoneos/LocalNotificationsPlugin.build/Objects-normal/arm64/LocalNotificationsPlugin_dependency_info.dat --stringsdata-file /Users/tommiller/Library/Developer/Xcode/DerivedData/App-diekzjczilnndmekcbwxdbymtdym/Build/Intermediates.noindex/ArchiveIntermediates/App/IntermediateBuildFilesPath/CapacitorLocalNotifications.build/Release-iphoneos/LocalNotificationsPlugin.build/Objects-normal/arm64/ExtractedAppShortcutsMetadata.stringsdata --source-file-list /Users/tommiller/Library/Developer/Xcode/DerivedData/App-diekzjczilnndmekcbwxdbymtdym/Build/Intermediates.noindex/ArchiveIntermediates/App/IntermediateBuildFilesPath/CapacitorLocalNotifications.build/Release-iphoneos/LocalNotificationsPlugin.build/Objects-normal/arm64/LocalNotificationsPlugin.SwiftFileList --metadata-file-list /Users/tommiller/Library/Developer/Xcode/DerivedData/App-diekzjczilnndmekcbwxdbymtdym/Build/Intermediates.noindex/ArchiveIntermediates/App/IntermediateBuildFilesPath/CapacitorLocalNotifications.build/Release-iphoneos/LocalNotificationsPlugin.build/LocalNotificationsPlugin.DependencyMetadataFileList --static-metadata-file-list /Users/tommiller/Library/Developer/Xcode/DerivedData/App-diekzjczilnndmekcbwxdbymtdym/Build/Intermediates.noindex/ArchiveIntermediates/App/IntermediateBuildFilesPath/CapacitorLocalNotifications.build/Release-iphoneos/LocalNotificationsPlugin.build/LocalNotificationsPlugin.DependencyStaticMetadataFileList --swift-const-vals-list /Users/tommiller/Library/Developer/Xcode/DerivedData/App-diekzjczilnndmekcbwxdbymtdym/Build/Intermediates.noindex/ArchiveIntermediates/App/IntermediateBuildFilesPath/CapacitorLocalNotifications.build/Release-iphoneos/LocalNotificationsPlugin.build/Objects-normal/arm64/LocalNotificationsPlugin.SwiftConstValuesFileList --force --compile-time-extraction --deployment-aware-processing --validate-assistant-intents --no-app-shortcuts-localization
2026-07-27 06:47:21.133 appintentsmetadataprocessor[83944:15971793] Starting appintentsmetadataprocessor export
2026-07-27 06:47:21.138 appintentsmetadataprocessor[83944:15971793] Extracted no relevant App Intents symbols, skipping writing output

SwiftDriver\ Compilation CapApp-SPM normal arm64 com.apple.xcode.tools.swift.compiler (in target 'CapApp-SPM' from project 'CapApp-SPM')
    cd /Users/tommiller/Documents/Hyperframes\ Editor/tally/native/ios/App/App.xcodeproj
    builtin-Swift-Compilation -- /Applications/Xcode.app/Contents/Developer/Toolchains/XcodeDefault.xctoolchain/usr/bin/swiftc -module-name CapApp_SPM -O -whole-module-optimization @/Users/tommiller/Library/Developer/Xcode/DerivedData/App-diekzjczilnndmekcbwxdbymtdym/Build/Intermediates.noindex/ArchiveIntermediates/App/IntermediateBuildFilesPath/CapApp-SPM.build/Release-iphoneos/CapApp-SPM.build/Objects-normal/arm64/CapApp-SPM.SwiftFileList -DSWIFT_PACKAGE -DSWIFT_MODULE_RESOURCE_BUNDLE_UNAVAILABLE -DXcode -plugin-path /Applications/Xcode.app/Contents/Developer/Toolchains/XcodeDefault.xctoolchain/usr/lib/swift/host/plugins/testing -enable-experimental-feature DebugDescriptionMacro -sdk /Applications/Xcode.app/Contents/Developer/Platforms/iPhoneOS.platform/Developer/SDKs/iPhoneOS26.5.sdk -target arm64-apple-ios15.0 -g -module-cache-path /Users/tommiller/Library/Developer/Xcode/DerivedData/ModuleCache.noindex -Xfrontend -serialize-debugging-options -suppress-warnings -swift-version 5 -I /Users/tommiller/Library/Developer/Xcode/DerivedData/App-diekzjczilnndmekcbwxdbymtdym/Build/Intermediates.noindex/ArchiveIntermediates/App/BuildProductsPath/Release-iphoneos -Isystem /Applications/Xcode.app/Contents/Developer/Platforms/iPhoneOS.platform/Developer/usr/lib -F /Users/tommiller/Library/Developer/Xcode/DerivedData/App-diekzjczilnndmekcbwxdbymtdym/Build/Intermediates.noindex/ArchiveIntermediates/App/BuildProductsPath/Release-iphoneos/PackageFrameworks -F /Users/tommiller/Library/Developer/Xcode/DerivedData/App-diekzjczilnndmekcbwxdbymtdym/Build/Intermediates.noindex/ArchiveIntermediates/App/BuildProductsPath/Release-iphoneos/PackageFrameworks -F /Users/tommiller/Library/Developer/Xcode/DerivedData/App-diekzjczilnndmekcbwxdbymtdym/Build/Intermediates.noindex/ArchiveIntermediates/App/BuildProductsPath/Release-iphoneos -F /Applications/Xcode.app/Contents/Developer/Platforms/iPhoneOS.platform/Developer/Library/Frameworks -F /Applications/Xcode.app/Contents/Developer/Platforms/iPhoneOS.platform/Developer/SDKs/iPhoneOS26.5.sdk/Developer/Library/Frameworks -parse-as-library -c -num-threads 16 -Xcc -ivfsstatcache -Xcc /Users/tommiller/Library/Developer/Xcode/DerivedData/SDKStatCaches.noindex/iphoneos26.5-23F81a-32daed1954a7d5dd0789fcaf2a9bb78b.sdkstatcache -output-file-map /Users/tommiller/Library/Developer/Xcode/DerivedData/App-diekzjczilnndmekcbwxdbymtdym/Build/Intermediates.noindex/ArchiveIntermediates/App/IntermediateBuildFilesPath/CapApp-SPM.build/Release-iphoneos/CapApp-SPM.build/Objects-normal/arm64/CapApp-SPM-OutputFileMap.json -use-frontend-parseable-output -save-temps -no-color-diagnostics -explicit-module-build -module-cache-path /Users/tommiller/Library/Developer/Xcode/DerivedData/App-diekzjczilnndmekcbwxdbymtdym/Build/Intermediates.noindex/ArchiveIntermediates/App/IntermediateBuildFilesPath/SwiftExplicitPrecompiledModules -clang-scanner-module-cache-path /Users/tommiller/Library/Developer/Xcode/DerivedData/ModuleCache.noindex -sdk-module-cache-path /Users/tommiller/Library/Developer/Xcode/DerivedData/ModuleCache.noindex -serialize-diagnostics -emit-dependencies -emit-module -emit-module-path /Users/tommiller/Library/Developer/Xcode/DerivedData/App-diekzjczilnndmekcbwxdbymtdym/Build/Intermediates.noindex/ArchiveIntermediates/App/IntermediateBuildFilesPath/CapApp-SPM.build/Release-iphoneos/CapApp-SPM.build/Objects-normal/arm64/CapApp_SPM.swiftmodule -validate-clang-modules-once -clang-build-session-file /Users/tommiller/Library/Developer/Xcode/DerivedData/ModuleCache.noindex/Session.modulevalidation -package-name capapp_spm -Xcc -I/Users/tommiller/Library/Developer/Xcode/DerivedData/App-diekzjczilnndmekcbwxdbymtdym/Build/Intermediates.noindex/ArchiveIntermediates/App/IntermediateBuildFilesPath/CapApp-SPM.build/Release-iphoneos/CapApp-SPM.build/swift-overrides.hmap -emit-const-values -Xfrontend -const-gather-protocols-file -Xfrontend /Users/tommiller/Library/Developer/Xcode/DerivedData/App-diekzjczilnndmekcbwxdbymtdym/Build/Intermediates.noindex/ArchiveIntermediates/App/IntermediateBuildFilesPath/CapApp-SPM.build/Release-iphoneos/CapApp-SPM.build/Objects-normal/arm64/CapApp-SPM_const_extract_protocols.json -Xcc -I/Users/tommiller/Library/Developer/Xcode/DerivedData/App-diekzjczilnndmekcbwxdbymtdym/Build/Intermediates.noindex/ArchiveIntermediates/App/BuildProductsPath/Release-iphoneos/include -Xcc -I/Users/tommiller/Library/Developer/Xcode/DerivedData/App-diekzjczilnndmekcbwxdbymtdym/Build/Intermediates.noindex/ArchiveIntermediates/App/IntermediateBuildFilesPath/CapApp-SPM.build/Release-iphoneos/CapApp-SPM.build/DerivedSources-normal/arm64 -Xcc -I/Users/tommiller/Library/Developer/Xcode/DerivedData/App-diekzjczilnndmekcbwxdbymtdym/Build/Intermediates.noindex/ArchiveIntermediates/App/IntermediateBuildFilesPath/CapApp-SPM.build/Release-iphoneos/CapApp-SPM.build/DerivedSources/arm64 -Xcc -I/Users/tommiller/Library/Developer/Xcode/DerivedData/App-diekzjczilnndmekcbwxdbymtdym/Build/Intermediates.noindex/ArchiveIntermediates/App/IntermediateBuildFilesPath/CapApp-SPM.build/Release-iphoneos/CapApp-SPM.build/DerivedSources -Xcc -DSWIFT_PACKAGE -emit-objc-header -emit-objc-header-path /Users/tommiller/Library/Developer/Xcode/DerivedData/App-diekzjczilnndmekcbwxdbymtdym/Build/Intermediates.noindex/ArchiveIntermediates/App/IntermediateBuildFilesPath/CapApp-SPM.build/Release-iphoneos/CapApp-SPM.build/Objects-normal/arm64/CapApp-SPM-Swift.h -working-directory /Users/tommiller/Documents/Hyperframes\ Editor/tally/native/ios/App/App.xcodeproj -no-emit-module-separately-wmo

SwiftCompile normal arm64 Compiling\ CapApp-SPM.swift /Users/tommiller/Documents/Hyperframes\ Editor/tally/native/ios/App/CapApp-SPM/Sources/CapApp-SPM/CapApp-SPM.swift /Applications/Xcode.app/Contents/Developer/Toolchains/XcodeDefault.xctoolchain/usr/lib/swift/iphoneos/prebuilt-modules/26.5/_Concurrency.swiftmodule/arm64e-apple-ios.swiftmodule /Applications/Xcode.app/Contents/Developer/Toolchains/XcodeDefault.xctoolchain/usr/lib/swift/iphoneos/prebuilt-modules/26.5/_StringProcessing.swiftmodule/arm64e-apple-ios.swiftmodule /Applications/Xcode.app/Contents/Developer/Toolchains/XcodeDefault.xctoolchain/usr/lib/swift/iphoneos/prebuilt-modules/26.5/Swift.swiftmodule/arm64e-apple-ios.swiftmodule /Users/tommiller/Library/Developer/Xcode/DerivedData/ModuleCache.noindex/SwiftShims-3E7MIQLPW4MBN8QVNXQLL4EBR.pcm /Users/tommiller/Library/Developer/Xcode/DerivedData/ModuleCache.noindex/_SwiftConcurrencyShims-3YVZPO2GX0M03O573INCYV75Z.pcm /Users/tommiller/Library/Developer/Xcode/DerivedData/App-diekzjczilnndmekcbwxdbymtdym/Build/Intermediates.noindex/ArchiveIntermediates/App/IntermediateBuildFilesPath/CapApp-SPM.build/Release-iphoneos/CapApp-SPM.build/Objects-normal/arm64/CapApp_SPM-dependencies-1.json (in target 'CapApp-SPM' from project 'CapApp-SPM')

SwiftCompile normal arm64 /Users/tommiller/Documents/Hyperframes\ Editor/tally/native/ios/App/CapApp-SPM/Sources/CapApp-SPM/CapApp-SPM.swift (in target 'CapApp-SPM' from project 'CapApp-SPM')
    cd /Users/tommiller/Documents/Hyperframes\ Editor/tally/native/ios/App/App.xcodeproj
    

SetOwnerAndGroup tommiller:staff /Users/tommiller/Library/Developer/Xcode/DerivedData/App-diekzjczilnndmekcbwxdbymtdym/Build/Intermediates.noindex/ArchiveIntermediates/App/IntermediateBuildFilesPath/UninstalledProducts/iphoneos/LocalNotificationsPlugin.o (in target 'LocalNotificationsPlugin' from project 'CapacitorLocalNotifications')
    cd /Users/tommiller/Documents/Hyperframes\ Editor/tally/native/node_modules/@capacitor/local-notifications
    /usr/sbin/chown -RH tommiller:staff /Users/tommiller/Library/Developer/Xcode/DerivedData/App-diekzjczilnndmekcbwxdbymtdym/Build/Intermediates.noindex/ArchiveIntermediates/App/IntermediateBuildFilesPath/UninstalledProducts/iphoneos/LocalNotificationsPlugin.o

SetMode u+w,go-w,a+rX /Users/tommiller/Library/Developer/Xcode/DerivedData/App-diekzjczilnndmekcbwxdbymtdym/Build/Intermediates.noindex/ArchiveIntermediates/App/IntermediateBuildFilesPath/UninstalledProducts/iphoneos/LocalNotificationsPlugin.o (in target 'LocalNotificationsPlugin' from project 'CapacitorLocalNotifications')
    cd /Users/tommiller/Documents/Hyperframes\ Editor/tally/native/node_modules/@capacitor/local-notifications
    /bin/chmod -RH u+w,go-w,a+rX /Users/tommiller/Library/Developer/Xcode/DerivedData/App-diekzjczilnndmekcbwxdbymtdym/Build/Intermediates.noindex/ArchiveIntermediates/App/IntermediateBuildFilesPath/UninstalledProducts/iphoneos/LocalNotificationsPlugin.o

RegisterExecutionPolicyException /Users/tommiller/Library/Developer/Xcode/DerivedData/App-diekzjczilnndmekcbwxdbymtdym/Build/Intermediates.noindex/ArchiveIntermediates/App/IntermediateBuildFilesPath/UninstalledProducts/iphoneos/LocalNotificationsPlugin.o (in target 'LocalNotificationsPlugin' from project 'CapacitorLocalNotifications')
    cd /Users/tommiller/Documents/Hyperframes\ Editor/tally/native/node_modules/@capacitor/local-notifications
    builtin-RegisterExecutionPolicyException /Users/tommiller/Library/Developer/Xcode/DerivedData/App-diekzjczilnndmekcbwxdbymtdym/Build/Intermediates.noindex/ArchiveIntermediates/App/IntermediateBuildFilesPath/UninstalledProducts/iphoneos/LocalNotificationsPlugin.o

SwiftDriverJobDiscovery normal arm64 Compiling CapApp-SPM.swift (in target 'CapApp-SPM' from project 'CapApp-SPM')

SwiftDriver\ Compilation\ Requirements CapApp-SPM normal arm64 com.apple.xcode.tools.swift.compiler (in target 'CapApp-SPM' from project 'CapApp-SPM')
    cd /Users/tommiller/Documents/Hyperframes\ Editor/tally/native/ios/App/App.xcodeproj
    builtin-Swift-Compilation-Requirements -- /Applications/Xcode.app/Contents/Developer/Toolchains/XcodeDefault.xctoolchain/usr/bin/swiftc -module-name CapApp_SPM -O -whole-module-optimization @/Users/tommiller/Library/Developer/Xcode/DerivedData/App-diekzjczilnndmekcbwxdbymtdym/Build/Intermediates.noindex/ArchiveIntermediates/App/IntermediateBuildFilesPath/CapApp-SPM.build/Release-iphoneos/CapApp-SPM.build/Objects-normal/arm64/CapApp-SPM.SwiftFileList -DSWIFT_PACKAGE -DSWIFT_MODULE_RESOURCE_BUNDLE_UNAVAILABLE -DXcode -plugin-path /Applications/Xcode.app/Contents/Developer/Toolchains/XcodeDefault.xctoolchain/usr/lib/swift/host/plugins/testing -enable-experimental-feature DebugDescriptionMacro -sdk /Applications/Xcode.app/Contents/Developer/Platforms/iPhoneOS.platform/Developer/SDKs/iPhoneOS26.5.sdk -target arm64-apple-ios15.0 -g -module-cache-path /Users/tommiller/Library/Developer/Xcode/DerivedData/ModuleCache.noindex -Xfrontend -serialize-debugging-options -suppress-warnings -swift-version 5 -I /Users/tommiller/Library/Developer/Xcode/DerivedData/App-diekzjczilnndmekcbwxdbymtdym/Build/Intermediates.noindex/ArchiveIntermediates/App/BuildProductsPath/Release-iphoneos -Isystem /Applications/Xcode.app/Contents/Developer/Platforms/iPhoneOS.platform/Developer/usr/lib -F /Users/tommiller/Library/Developer/Xcode/DerivedData/App-diekzjczilnndmekcbwxdbymtdym/Build/Intermediates.noindex/ArchiveIntermediates/App/BuildProductsPath/Release-iphoneos/PackageFrameworks -F /Users/tommiller/Library/Developer/Xcode/DerivedData/App-diekzjczilnndmekcbwxdbymtdym/Build/Intermediates.noindex/ArchiveIntermediates/App/BuildProductsPath/Release-iphoneos/PackageFrameworks -F /Users/tommiller/Library/Developer/Xcode/DerivedData/App-diekzjczilnndmekcbwxdbymtdym/Build/Intermediates.noindex/ArchiveIntermediates/App/BuildProductsPath/Release-iphoneos -F /Applications/Xcode.app/Contents/Developer/Platforms/iPhoneOS.platform/Developer/Library/Frameworks -F /Applications/Xcode.app/Contents/Developer/Platforms/iPhoneOS.platform/Developer/SDKs/iPhoneOS26.5.sdk/Developer/Library/Frameworks -parse-as-library -c -num-threads 16 -Xcc -ivfsstatcache -Xcc /Users/tommiller/Library/Developer/Xcode/DerivedData/SDKStatCaches.noindex/iphoneos26.5-23F81a-32daed1954a7d5dd0789fcaf2a9bb78b.sdkstatcache -output-file-map /Users/tommiller/Library/Developer/Xcode/DerivedData/App-diekzjczilnndmekcbwxdbymtdym/Build/Intermediates.noindex/ArchiveIntermediates/App/IntermediateBuildFilesPath/CapApp-SPM.build/Release-iphoneos/CapApp-SPM.build/Objects-normal/arm64/CapApp-SPM-OutputFileMap.json -use-frontend-parseable-output -save-temps -no-color-diagnostics -explicit-module-build -module-cache-path /Users/tommiller/Library/Developer/Xcode/DerivedData/App-diekzjczilnndmekcbwxdbymtdym/Build/Intermediates.noindex/ArchiveIntermediates/App/IntermediateBuildFilesPath/SwiftExplicitPrecompiledModules -clang-scanner-module-cache-path /Users/tommiller/Library/Developer/Xcode/DerivedData/ModuleCache.noindex -sdk-module-cache-path /Users/tommiller/Library/Developer/Xcode/DerivedData/ModuleCache.noindex -serialize-diagnostics -emit-dependencies -emit-module -emit-module-path /Users/tommiller/Library/Developer/Xcode/DerivedData/App-diekzjczilnndmekcbwxdbymtdym/Build/Intermediates.noindex/ArchiveIntermediates/App/IntermediateBuildFilesPath/CapApp-SPM.build/Release-iphoneos/CapApp-SPM.build/Objects-normal/arm64/CapApp_SPM.swiftmodule -validate-clang-modules-once -clang-build-session-file /Users/tommiller/Library/Developer/Xcode/DerivedData/ModuleCache.noindex/Session.modulevalidation -package-name capapp_spm -Xcc -I/Users/tommiller/Library/Developer/Xcode/DerivedData/App-diekzjczilnndmekcbwxdbymtdym/Build/Intermediates.noindex/ArchiveIntermediates/App/IntermediateBuildFilesPath/CapApp-SPM.build/Release-iphoneos/CapApp-SPM.build/swift-overrides.hmap -emit-const-values -Xfrontend -const-gather-protocols-file -Xfrontend /Users/tommiller/Library/Developer/Xcode/DerivedData/App-diekzjczilnndmekcbwxdbymtdym/Build/Intermediates.noindex/ArchiveIntermediates/App/IntermediateBuildFilesPath/CapApp-SPM.build/Release-iphoneos/CapApp-SPM.build/Objects-normal/arm64/CapApp-SPM_const_extract_protocols.json -Xcc -I/Users/tommiller/Library/Developer/Xcode/DerivedData/App-diekzjczilnndmekcbwxdbymtdym/Build/Intermediates.noindex/ArchiveIntermediates/App/BuildProductsPath/Release-iphoneos/include -Xcc -I/Users/tommiller/Library/Developer/Xcode/DerivedData/App-diekzjczilnndmekcbwxdbymtdym/Build/Intermediates.noindex/ArchiveIntermediates/App/IntermediateBuildFilesPath/CapApp-SPM.build/Release-iphoneos/CapApp-SPM.build/DerivedSources-normal/arm64 -Xcc -I/Users/tommiller/Library/Developer/Xcode/DerivedData/App-diekzjczilnndmekcbwxdbymtdym/Build/Intermediates.noindex/ArchiveIntermediates/App/IntermediateBuildFilesPath/CapApp-SPM.build/Release-iphoneos/CapApp-SPM.build/DerivedSources/arm64 -Xcc -I/Users/tommiller/Library/Developer/Xcode/DerivedData/App-diekzjczilnndmekcbwxdbymtdym/Build/Intermediates.noindex/ArchiveIntermediates/App/IntermediateBuildFilesPath/CapApp-SPM.build/Release-iphoneos/CapApp-SPM.build/DerivedSources -Xcc -DSWIFT_PACKAGE -emit-objc-header -emit-objc-header-path /Users/tommiller/Library/Developer/Xcode/DerivedData/App-diekzjczilnndmekcbwxdbymtdym/Build/Intermediates.noindex/ArchiveIntermediates/App/IntermediateBuildFilesPath/CapApp-SPM.build/Release-iphoneos/CapApp-SPM.build/Objects-normal/arm64/CapApp-SPM-Swift.h -working-directory /Users/tommiller/Documents/Hyperframes\ Editor/tally/native/ios/App/App.xcodeproj -no-emit-module-separately-wmo

SwiftMergeGeneratedHeaders /Users/tommiller/Library/Developer/Xcode/DerivedData/App-diekzjczilnndmekcbwxdbymtdym/Build/Intermediates.noindex/ArchiveIntermediates/App/IntermediateBuildFilesPath/GeneratedModuleMaps-iphoneos/CapApp-SPM-Swift.h /Users/tommiller/Library/Developer/Xcode/DerivedData/App-diekzjczilnndmekcbwxdbymtdym/Build/Intermediates.noindex/ArchiveIntermediates/App/IntermediateBuildFilesPath/CapApp-SPM.build/Release-iphoneos/CapApp-SPM.build/Objects-normal/arm64/CapApp-SPM-Swift.h (in target 'CapApp-SPM' from project 'CapApp-SPM')
    cd /Users/tommiller/Documents/Hyperframes\ Editor/tally/native/ios/App/CapApp-SPM
    builtin-swiftHeaderTool -arch arm64 /Users/tommiller/Library/Developer/Xcode/DerivedData/App-diekzjczilnndmekcbwxdbymtdym/Build/Intermediates.noindex/ArchiveIntermediates/App/IntermediateBuildFilesPath/CapApp-SPM.build/Release-iphoneos/CapApp-SPM.build/Objects-normal/arm64/CapApp-SPM-Swift.h -o /Users/tommiller/Library/Developer/Xcode/DerivedData/App-diekzjczilnndmekcbwxdbymtdym/Build/Intermediates.noindex/ArchiveIntermediates/App/IntermediateBuildFilesPath/GeneratedModuleMaps-iphoneos/CapApp-SPM-Swift.h

Copy /Users/tommiller/Library/Developer/Xcode/DerivedData/App-diekzjczilnndmekcbwxdbymtdym/Build/Intermediates.noindex/ArchiveIntermediates/App/BuildProductsPath/Release-iphoneos/CapApp_SPM.swiftmodule/arm64-apple-ios.swiftmodule /Users/tommiller/Library/Developer/Xcode/DerivedData/App-diekzjczilnndmekcbwxdbymtdym/Build/Intermediates.noindex/ArchiveIntermediates/App/IntermediateBuildFilesPath/CapApp-SPM.build/Release-iphoneos/CapApp-SPM.build/Objects-normal/arm64/CapApp_SPM.swiftmodule (in target 'CapApp-SPM' from project 'CapApp-SPM')
    cd /Users/tommiller/Documents/Hyperframes\ Editor/tally/native/ios/App/CapApp-SPM
    builtin-copy -exclude .DS_Store -exclude CVS -exclude .svn -exclude .git -exclude .hg -strip-unsigned-binaries -strip-deterministic -strip-tool /Applications/Xcode.app/Contents/Developer/Toolchains/XcodeDefault.xctoolchain/usr/bin/strip -resolve-src-symlinks -rename /Users/tommiller/Library/Developer/Xcode/DerivedData/App-diekzjczilnndmekcbwxdbymtdym/Build/Intermediates.noindex/ArchiveIntermediates/App/IntermediateBuildFilesPath/CapApp-SPM.build/Release-iphoneos/CapApp-SPM.build/Objects-normal/arm64/CapApp_SPM.swiftmodule /Users/tommiller/Library/Developer/Xcode/DerivedData/App-diekzjczilnndmekcbwxdbymtdym/Build/Intermediates.noindex/ArchiveIntermediates/App/BuildProductsPath/Release-iphoneos/CapApp_SPM.swiftmodule/arm64-apple-ios.swiftmodule

Copy /Users/tommiller/Library/Developer/Xcode/DerivedData/App-diekzjczilnndmekcbwxdbymtdym/Build/Intermediates.noindex/ArchiveIntermediates/App/BuildProductsPath/Release-iphoneos/CapApp_SPM.swiftmodule/arm64-apple-ios.abi.json /Users/tommiller/Library/Developer/Xcode/DerivedData/App-diekzjczilnndmekcbwxdbymtdym/Build/Intermediates.noindex/ArchiveIntermediates/App/IntermediateBuildFilesPath/CapApp-SPM.build/Release-iphoneos/CapApp-SPM.build/Objects-normal/arm64/CapApp_SPM.abi.json (in target 'CapApp-SPM' from project 'CapApp-SPM')
    cd /Users/tommiller/Documents/Hyperframes\ Editor/tally/native/ios/App/CapApp-SPM
    builtin-copy -exclude .DS_Store -exclude CVS -exclude .svn -exclude .git -exclude .hg -strip-unsigned-binaries -strip-deterministic -strip-tool /Applications/Xcode.app/Contents/Developer/Toolchains/XcodeDefault.xctoolchain/usr/bin/strip -resolve-src-symlinks -rename /Users/tommiller/Library/Developer/Xcode/DerivedData/App-diekzjczilnndmekcbwxdbymtdym/Build/Intermediates.noindex/ArchiveIntermediates/App/IntermediateBuildFilesPath/CapApp-SPM.build/Release-iphoneos/CapApp-SPM.build/Objects-normal/arm64/CapApp_SPM.abi.json /Users/tommiller/Library/Developer/Xcode/DerivedData/App-diekzjczilnndmekcbwxdbymtdym/Build/Intermediates.noindex/ArchiveIntermediates/App/BuildProductsPath/Release-iphoneos/CapApp_SPM.swiftmodule/arm64-apple-ios.abi.json

Copy /Users/tommiller/Library/Developer/Xcode/DerivedData/App-diekzjczilnndmekcbwxdbymtdym/Build/Intermediates.noindex/ArchiveIntermediates/App/BuildProductsPath/Release-iphoneos/CapApp_SPM.swiftmodule/arm64-apple-ios.swiftdoc /Users/tommiller/Library/Developer/Xcode/DerivedData/App-diekzjczilnndmekcbwxdbymtdym/Build/Intermediates.noindex/ArchiveIntermediates/App/IntermediateBuildFilesPath/CapApp-SPM.build/Release-iphoneos/CapApp-SPM.build/Objects-normal/arm64/CapApp_SPM.swiftdoc (in target 'CapApp-SPM' from project 'CapApp-SPM')
    cd /Users/tommiller/Documents/Hyperframes\ Editor/tally/native/ios/App/CapApp-SPM
    builtin-copy -exclude .DS_Store -exclude CVS -exclude .svn -exclude .git -exclude .hg -strip-unsigned-binaries -strip-deterministic -strip-tool /Applications/Xcode.app/Contents/Developer/Toolchains/XcodeDefault.xctoolchain/usr/bin/strip -resolve-src-symlinks -rename /Users/tommiller/Library/Developer/Xcode/DerivedData/App-diekzjczilnndmekcbwxdbymtdym/Build/Intermediates.noindex/ArchiveIntermediates/App/IntermediateBuildFilesPath/CapApp-SPM.build/Release-iphoneos/CapApp-SPM.build/Objects-normal/arm64/CapApp_SPM.swiftdoc /Users/tommiller/Library/Developer/Xcode/DerivedData/App-diekzjczilnndmekcbwxdbymtdym/Build/Intermediates.noindex/ArchiveIntermediates/App/BuildProductsPath/Release-iphoneos/CapApp_SPM.swiftmodule/arm64-apple-ios.swiftdoc

Ld /Users/tommiller/Library/Developer/Xcode/DerivedData/App-diekzjczilnndmekcbwxdbymtdym/Build/Intermediates.noindex/ArchiveIntermediates/App/IntermediateBuildFilesPath/UninstalledProducts/iphoneos/CapApp-SPM.o normal (in target 'CapApp-SPM' from project 'CapApp-SPM')
    cd /Users/tommiller/Documents/Hyperframes\ Editor/tally/native/ios/App/CapApp-SPM
    /Applications/Xcode.app/Contents/Developer/Toolchains/XcodeDefault.xctoolchain/usr/bin/clang -Xlinker -reproducible -target arm64-apple-ios15.0 -r -isysroot /Applications/Xcode.app/Contents/Developer/Platforms/iPhoneOS.platform/Developer/SDKs/iPhoneOS26.5.sdk -Os -w -F/Users/tommiller/Library/Developer/Xcode/DerivedData/App-diekzjczilnndmekcbwxdbymtdym/Build/Intermediates.noindex/ArchiveIntermediates/App/IntermediateBuildFilesPath/EagerLinkingTBDs/Release-iphoneos -F/Users/tommiller/Library/Developer/Xcode/DerivedData/App-diekzjczilnndmekcbwxdbymtdym/Build/Intermediates.noindex/ArchiveIntermediates/App/BuildProductsPath/Release-iphoneos/PackageFrameworks -F/Users/tommiller/Library/Developer/Xcode/DerivedData/App-diekzjczilnndmekcbwxdbymtdym/Build/Intermediates.noindex/ArchiveIntermediates/App/BuildProductsPath/Release-iphoneos/PackageFrameworks -F/Users/tommiller/Library/Developer/Xcode/DerivedData/App-diekzjczilnndmekcbwxdbymtdym/Build/Intermediates.noindex/ArchiveIntermediates/App/BuildProductsPath/Release-iphoneos -iframework /Applications/Xcode.app/Contents/Developer/Platforms/iPhoneOS.platform/Developer/Library/Frameworks -iframework /Applications/Xcode.app/Contents/Developer/Platforms/iPhoneOS.platform/Developer/SDKs/iPhoneOS26.5.sdk/Developer/Library/Frameworks -filelist /Users/tommiller/Library/Developer/Xcode/DerivedData/App-diekzjczilnndmekcbwxdbymtdym/Build/Intermediates.noindex/ArchiveIntermediates/App/IntermediateBuildFilesPath/CapApp-SPM.build/Release-iphoneos/CapApp-SPM.build/Objects-normal/arm64/CapApp-SPM.LinkFileList -nostdlib -Xlinker -object_path_lto -Xlinker /Users/tommiller/Library/Developer/Xcode/DerivedData/App-diekzjczilnndmekcbwxdbymtdym/Build/Intermediates.noindex/ArchiveIntermediates/App/IntermediateBuildFilesPath/CapApp-SPM.build/Release-iphoneos/CapApp-SPM.build/Objects-normal/arm64/CapApp-SPM_lto.o -Xlinker -dependency_info -Xlinker /Users/tommiller/Library/Developer/Xcode/DerivedData/App-diekzjczilnndmekcbwxdbymtdym/Build/Intermediates.noindex/ArchiveIntermediates/App/IntermediateBuildFilesPath/CapApp-SPM.build/Release-iphoneos/CapApp-SPM.build/Objects-normal/arm64/CapApp-SPM_dependency_info.dat -fobjc-link-runtime -L/Applications/Xcode.app/Contents/Developer/Toolchains/XcodeDefault.xctoolchain/usr/lib/swift/iphoneos -L/usr/lib/swift -Xlinker -add_ast_path -Xlinker /Users/tommiller/Library/Developer/Xcode/DerivedData/App-diekzjczilnndmekcbwxdbymtdym/Build/Intermediates.noindex/ArchiveIntermediates/App/IntermediateBuildFilesPath/CapApp-SPM.build/Release-iphoneos/CapApp-SPM.build/Objects-normal/arm64/CapApp_SPM.swiftmodule @/Users/tommiller/Library/Developer/Xcode/DerivedData/App-diekzjczilnndmekcbwxdbymtdym/Build/Intermediates.noindex/ArchiveIntermediates/App/IntermediateBuildFilesPath/CapApp-SPM.build/Release-iphoneos/CapApp-SPM.build/Objects-normal/arm64/CapApp_SPM-linker-args.resp -o /Users/tommiller/Library/Developer/Xcode/DerivedData/App-diekzjczilnndmekcbwxdbymtdym/Build/Intermediates.noindex/ArchiveIntermediates/App/IntermediateBuildFilesPath/UninstalledProducts/iphoneos/CapApp-SPM.o

ProcessProductPackaging /Users/tommiller/Library/Developer/Xcode/UserData/Provisioning\ Profiles/c99a5ba5-e35e-4ea8-b37f-2e7e773de693.mobileprovision /Users/tommiller/Library/Developer/Xcode/DerivedData/App-diekzjczilnndmekcbwxdbymtdym/Build/Intermediates.noindex/ArchiveIntermediates/App/InstallationBuildProductsLocation/Applications/App.app/embedded.mobileprovision (in target 'App' from project 'App')
    cd /Users/tommiller/Documents/Hyperframes\ Editor/tally/native/ios/App
    builtin-productPackagingUtility /Users/tommiller/Library/Developer/Xcode/UserData/Provisioning\ Profiles/c99a5ba5-e35e-4ea8-b37f-2e7e773de693.mobileprovision -o /Users/tommiller/Library/Developer/Xcode/DerivedData/App-diekzjczilnndmekcbwxdbymtdym/Build/Intermediates.noindex/ArchiveIntermediates/App/InstallationBuildProductsLocation/Applications/App.app/embedded.mobileprovision

ProcessProductPackaging /Users/tommiller/Documents/Hyperframes\ Editor/tally/native/ios/App/App/App.entitlements /Users/tommiller/Library/Developer/Xcode/DerivedData/App-diekzjczilnndmekcbwxdbymtdym/Build/Intermediates.noindex/ArchiveIntermediates/App/IntermediateBuildFilesPath/App.build/Release-iphoneos/App.build/App.app.xcent (in target 'App' from project 'App')
    cd /Users/tommiller/Documents/Hyperframes\ Editor/tally/native/ios/App
    
    Entitlements:
    
    {
    "application-identifier" = "H8TRZ23C77.com.boneheadz.gym";
    "com.apple.developer.healthkit" = 1;
    "com.apple.developer.team-identifier" = H8TRZ23C77;
    "get-task-allow" = 1;
}
    
    builtin-productPackagingUtility /Users/tommiller/Documents/Hyperframes\ Editor/tally/native/ios/App/App/App.entitlements -entitlements -format xml -o /Users/tommiller/Library/Developer/Xcode/DerivedData/App-diekzjczilnndmekcbwxdbymtdym/Build/Intermediates.noindex/ArchiveIntermediates/App/IntermediateBuildFilesPath/App.build/Release-iphoneos/App.build/App.app.xcent

ProcessProductPackagingDER /Users/tommiller/Library/Developer/Xcode/DerivedData/App-diekzjczilnndmekcbwxdbymtdym/Build/Intermediates.noindex/ArchiveIntermediates/App/IntermediateBuildFilesPath/App.build/Release-iphoneos/App.build/App.app.xcent /Users/tommiller/Library/Developer/Xcode/DerivedData/App-diekzjczilnndmekcbwxdbymtdym/Build/Intermediates.noindex/ArchiveIntermediates/App/IntermediateBuildFilesPath/App.build/Release-iphoneos/App.build/App.app.xcent.der (in target 'App' from project 'App')
    cd /Users/tommiller/Documents/Hyperframes\ Editor/tally/native/ios/App
    /usr/bin/derq query -f xml -i /Users/tommiller/Library/Developer/Xcode/DerivedData/App-diekzjczilnndmekcbwxdbymtdym/Build/Intermediates.noindex/ArchiveIntermediates/App/IntermediateBuildFilesPath/App.build/Release-iphoneos/App.build/App.app.xcent -o /Users/tommiller/Library/Developer/Xcode/DerivedData/App-diekzjczilnndmekcbwxdbymtdym/Build/Intermediates.noindex/ArchiveIntermediates/App/IntermediateBuildFilesPath/App.build/Release-iphoneos/App.build/App.app.xcent.der --raw

GenerateAssetSymbols /Users/tommiller/Documents/Hyperframes\ Editor/tally/native/ios/App/App/Assets.xcassets (in target 'App' from project 'App')
    cd /Users/tommiller/Documents/Hyperframes\ Editor/tally/native/ios/App
    /Applications/Xcode.app/Contents/Developer/usr/bin/actool /Users/tommiller/Documents/Hyperframes\ Editor/tally/native/ios/App/App/Assets.xcassets --compile /Users/tommiller/Library/Developer/Xcode/DerivedData/App-diekzjczilnndmekcbwxdbymtdym/Build/Intermediates.noindex/ArchiveIntermediates/App/InstallationBuildProductsLocation/Applications/App.app --output-format human-readable-text --notices --warnings --export-dependency-info /Users/tommiller/Library/Developer/Xcode/DerivedData/App-diekzjczilnndmekcbwxdbymtdym/Build/Intermediates.noindex/ArchiveIntermediates/App/IntermediateBuildFilesPath/App.build/Release-iphoneos/App.build/assetcatalog_dependencies --output-partial-info-plist /Users/tommiller/Library/Developer/Xcode/DerivedData/App-diekzjczilnndmekcbwxdbymtdym/Build/Intermediates.noindex/ArchiveIntermediates/App/IntermediateBuildFilesPath/App.build/Release-iphoneos/App.build/assetcatalog_generated_info.plist --app-icon AppIcon --compress-pngs --enable-on-demand-resources YES --development-region en --target-device iphone --target-device ipad --minimum-deployment-target 15.0 --platform iphoneos --bundle-identifier com.boneheadz.gym --generate-swift-asset-symbol-extensions NO --generate-swift-asset-symbols /Users/tommiller/Library/Developer/Xcode/DerivedData/App-diekzjczilnndmekcbwxdbymtdym/Build/Intermediates.noindex/ArchiveIntermediates/App/IntermediateBuildFilesPath/App.build/Release-iphoneos/App.build/DerivedSources/GeneratedAssetSymbols.swift --generate-objc-asset-symbols /Users/tommiller/Library/Developer/Xcode/DerivedData/App-diekzjczilnndmekcbwxdbymtdym/Build/Intermediates.noindex/ArchiveIntermediates/App/IntermediateBuildFilesPath/App.build/Release-iphoneos/App.build/DerivedSources/GeneratedAssetSymbols.h --generate-asset-symbol-index /Users/tommiller/Library/Developer/Xcode/DerivedData/App-diekzjczilnndmekcbwxdbymtdym/Build/Intermediates.noindex/ArchiveIntermediates/App/IntermediateBuildFilesPath/App.build/Release-iphoneos/App.build/DerivedSources/GeneratedAssetSymbols-Index.plist
/* com.apple.actool.compilation-results */
/Users/tommiller/Library/Developer/Xcode/DerivedData/App-diekzjczilnndmekcbwxdbymtdym/Build/Intermediates.noindex/ArchiveIntermediates/App/IntermediateBuildFilesPath/App.build/Release-iphoneos/App.build/DerivedSources/GeneratedAssetSymbols-Index.plist
/Users/tommiller/Library/Developer/Xcode/DerivedData/App-diekzjczilnndmekcbwxdbymtdym/Build/Intermediates.noindex/ArchiveIntermediates/App/IntermediateBuildFilesPath/App.build/Release-iphoneos/App.build/DerivedSources/GeneratedAssetSymbols.h
/Users/tommiller/Library/Developer/Xcode/DerivedData/App-diekzjczilnndmekcbwxdbymtdym/Build/Intermediates.noindex/ArchiveIntermediates/App/IntermediateBuildFilesPath/App.build/Release-iphoneos/App.build/DerivedSources/GeneratedAssetSymbols.swift


MkDir /Users/tommiller/Library/Developer/Xcode/DerivedData/App-diekzjczilnndmekcbwxdbymtdym/Build/Intermediates.noindex/ArchiveIntermediates/App/IntermediateBuildFilesPath/App.build/Release-iphoneos/App.build/assetcatalog_output/unthinned (in target 'App' from project 'App')
    cd /Users/tommiller/Documents/Hyperframes\ Editor/tally/native/ios/App
    /bin/mkdir -p /Users/tommiller/Library/Developer/Xcode/DerivedData/App-diekzjczilnndmekcbwxdbymtdym/Build/Intermediates.noindex/ArchiveIntermediates/App/IntermediateBuildFilesPath/App.build/Release-iphoneos/App.build/assetcatalog_output/unthinned

MkDir /Users/tommiller/Library/Developer/Xcode/DerivedData/App-diekzjczilnndmekcbwxdbymtdym/Build/Intermediates.noindex/ArchiveIntermediates/App/IntermediateBuildFilesPath/App.build/Release-iphoneos/App.build/assetcatalog_output/thinned (in target 'App' from project 'App')
    cd /Users/tommiller/Documents/Hyperframes\ Editor/tally/native/ios/App
    /bin/mkdir -p /Users/tommiller/Library/Developer/Xcode/DerivedData/App-diekzjczilnndmekcbwxdbymtdym/Build/Intermediates.noindex/ArchiveIntermediates/App/IntermediateBuildFilesPath/App.build/Release-iphoneos/App.build/assetcatalog_output/thinned

CompileAssetCatalogVariant thinned /Users/tommiller/Library/Developer/Xcode/DerivedData/App-diekzjczilnndmekcbwxdbymtdym/Build/Intermediates.noindex/ArchiveIntermediates/App/InstallationBuildProductsLocation/Applications/App.app /Users/tommiller/Documents/Hyperframes\ Editor/tally/native/ios/App/App/Assets.xcassets (in target 'App' from project 'App')
    cd /Users/tommiller/Documents/Hyperframes\ Editor/tally/native/ios/App
    /Applications/Xcode.app/Contents/Developer/usr/bin/actool /Users/tommiller/Documents/Hyperframes\ Editor/tally/native/ios/App/App/Assets.xcassets --compile /Users/tommiller/Library/Developer/Xcode/DerivedData/App-diekzjczilnndmekcbwxdbymtdym/Build/Intermediates.noindex/ArchiveIntermediates/App/IntermediateBuildFilesPath/App.build/Release-iphoneos/App.build/assetcatalog_output/thinned --output-format human-readable-text --notices --warnings --export-dependency-info /Users/tommiller/Library/Developer/Xcode/DerivedData/App-diekzjczilnndmekcbwxdbymtdym/Build/Intermediates.noindex/ArchiveIntermediates/App/IntermediateBuildFilesPath/App.build/Release-iphoneos/App.build/assetcatalog_dependencies_thinned --output-partial-info-plist /Users/tommiller/Library/Developer/Xcode/DerivedData/App-diekzjczilnndmekcbwxdbymtdym/Build/Intermediates.noindex/ArchiveIntermediates/App/IntermediateBuildFilesPath/App.build/Release-iphoneos/App.build/assetcatalog_generated_info.plist_thinned --app-icon AppIcon --compress-pngs --enable-on-demand-resources YES --development-region en --target-device iphone --target-device ipad --minimum-deployment-target 15.0 --platform iphoneos
/* com.apple.actool.compilation-results */
/Users/tommiller/Library/Developer/Xcode/DerivedData/App-diekzjczilnndmekcbwxdbymtdym/Build/Intermediates.noindex/ArchiveIntermediates/App/IntermediateBuildFilesPath/App.build/Release-iphoneos/App.build/assetcatalog_generated_info.plist_thinned
/Users/tommiller/Library/Developer/Xcode/DerivedData/App-diekzjczilnndmekcbwxdbymtdym/Build/Intermediates.noindex/ArchiveIntermediates/App/IntermediateBuildFilesPath/App.build/Release-iphoneos/App.build/assetcatalog_output/thinned/AppIcon60x60@2x.png
/Users/tommiller/Library/Developer/Xcode/DerivedData/App-diekzjczilnndmekcbwxdbymtdym/Build/Intermediates.noindex/ArchiveIntermediates/App/IntermediateBuildFilesPath/App.build/Release-iphoneos/App.build/assetcatalog_output/thinned/AppIcon76x76@2x~ipad.png
/Users/tommiller/Library/Developer/Xcode/DerivedData/App-diekzjczilnndmekcbwxdbymtdym/Build/Intermediates.noindex/ArchiveIntermediates/App/IntermediateBuildFilesPath/App.build/Release-iphoneos/App.build/assetcatalog_output/thinned/Assets.car


ExtractAppIntentsMetadata (in target 'CapApp-SPM' from project 'CapApp-SPM')
    cd /Users/tommiller/Documents/Hyperframes\ Editor/tally/native/ios/App/CapApp-SPM
    /Applications/Xcode.app/Contents/Developer/Toolchains/XcodeDefault.xctoolchain/usr/bin/appintentsmetadataprocessor --toolchain-dir /Applications/Xcode.app/Contents/Developer/Toolchains/XcodeDefault.xctoolchain --module-name CapApp_SPM --sdk-root /Applications/Xcode.app/Contents/Developer/Platforms/iPhoneOS.platform/Developer/SDKs/iPhoneOS26.5.sdk --xcode-version 17F113 --platform-family iOS --deployment-target 15.0 --bundle-identifier capapp-spm.CapApp-SPM --output /Users/tommiller/Library/Developer/Xcode/DerivedData/App-diekzjczilnndmekcbwxdbymtdym/Build/Intermediates.noindex/ArchiveIntermediates/App/IntermediateBuildFilesPath/UninstalledProducts/iphoneos/CapApp_SPM.appintents --target-triple arm64-apple-ios15.0 --binary-file /Users/tommiller/Library/Developer/Xcode/DerivedData/App-diekzjczilnndmekcbwxdbymtdym/Build/Intermediates.noindex/ArchiveIntermediates/App/IntermediateBuildFilesPath/UninstalledProducts/iphoneos/CapApp-SPM.o --dependency-file /Users/tommiller/Library/Developer/Xcode/DerivedData/App-diekzjczilnndmekcbwxdbymtdym/Build/Intermediates.noindex/ArchiveIntermediates/App/IntermediateBuildFilesPath/CapApp-SPM.build/Release-iphoneos/CapApp-SPM.build/Objects-normal/arm64/CapApp-SPM_dependency_info.dat --stringsdata-file /Users/tommiller/Library/Developer/Xcode/DerivedData/App-diekzjczilnndmekcbwxdbymtdym/Build/Intermediates.noindex/ArchiveIntermediates/App/IntermediateBuildFilesPath/CapApp-SPM.build/Release-iphoneos/CapApp-SPM.build/Objects-normal/arm64/ExtractedAppShortcutsMetadata.stringsdata --source-file-list /Users/tommiller/Library/Developer/Xcode/DerivedData/App-diekzjczilnndmekcbwxdbymtdym/Build/Intermediates.noindex/ArchiveIntermediates/App/IntermediateBuildFilesPath/CapApp-SPM.build/Release-iphoneos/CapApp-SPM.build/Objects-normal/arm64/CapApp-SPM.SwiftFileList --metadata-file-list /Users/tommiller/Library/Developer/Xcode/DerivedData/App-diekzjczilnndmekcbwxdbymtdym/Build/Intermediates.noindex/ArchiveIntermediates/App/IntermediateBuildFilesPath/CapApp-SPM.build/Release-iphoneos/CapApp-SPM.build/CapApp-SPM.DependencyMetadataFileList --static-metadata-file-list /Users/tommiller/Library/Developer/Xcode/DerivedData/App-diekzjczilnndmekcbwxdbymtdym/Build/Intermediates.noindex/ArchiveIntermediates/App/IntermediateBuildFilesPath/CapApp-SPM.build/Release-iphoneos/CapApp-SPM.build/CapApp-SPM.DependencyStaticMetadataFileList --swift-const-vals-list /Users/tommiller/Library/Developer/Xcode/DerivedData/App-diekzjczilnndmekcbwxdbymtdym/Build/Intermediates.noindex/ArchiveIntermediates/App/IntermediateBuildFilesPath/CapApp-SPM.build/Release-iphoneos/CapApp-SPM.build/Objects-normal/arm64/CapApp-SPM.SwiftConstValuesFileList --force --compile-time-extraction --deployment-aware-processing --validate-assistant-intents --no-app-shortcuts-localization
2026-07-27 06:47:21.185 appintentsmetadataprocessor[83954:15971833] Starting appintentsmetadataprocessor export
2026-07-27 06:47:21.191 appintentsmetadataprocessor[83954:15971833] Extracted no relevant App Intents symbols, skipping writing output

SwiftDriver App normal arm64 com.apple.xcode.tools.swift.compiler (in target 'App' from project 'App')
    cd /Users/tommiller/Documents/Hyperframes\ Editor/tally/native/ios/App
    builtin-SwiftDriver -- /Applications/Xcode.app/Contents/Developer/Toolchains/XcodeDefault.xctoolchain/usr/bin/swiftc -module-name App -O -whole-module-optimization @/Users/tommiller/Library/Developer/Xcode/DerivedData/App-diekzjczilnndmekcbwxdbymtdym/Build/Intermediates.noindex/ArchiveIntermediates/App/IntermediateBuildFilesPath/App.build/Release-iphoneos/App.build/Objects-normal/arm64/App.SwiftFileList -enable-bare-slash-regex -enable-experimental-feature DebugDescriptionMacro -sdk /Applications/Xcode.app/Contents/Developer/Platforms/iPhoneOS.platform/Developer/SDKs/iPhoneOS26.5.sdk -target arm64-apple-ios15.0 -g -module-cache-path /Users/tommiller/Library/Developer/Xcode/DerivedData/ModuleCache.noindex -Xfrontend -serialize-debugging-options -swift-version 5 -I /Users/tommiller/Library/Developer/Xcode/DerivedData/App-diekzjczilnndmekcbwxdbymtdym/Build/Intermediates.noindex/ArchiveIntermediates/App/BuildProductsPath/Release-iphoneos -F /Users/tommiller/Library/Developer/Xcode/DerivedData/App-diekzjczilnndmekcbwxdbymtdym/Build/Intermediates.noindex/ArchiveIntermediates/App/BuildProductsPath/Release-iphoneos/PackageFrameworks -F /Users/tommiller/Library/Developer/Xcode/DerivedData/App-diekzjczilnndmekcbwxdbymtdym/Build/Intermediates.noindex/ArchiveIntermediates/App/BuildProductsPath/Release-iphoneos/PackageFrameworks -F /Users/tommiller/Library/Developer/Xcode/DerivedData/App-diekzjczilnndmekcbwxdbymtdym/Build/Intermediates.noindex/ArchiveIntermediates/App/BuildProductsPath/Release-iphoneos/PackageFrameworks -F /Users/tommiller/Library/Developer/Xcode/DerivedData/App-diekzjczilnndmekcbwxdbymtdym/Build/Intermediates.noindex/ArchiveIntermediates/App/BuildProductsPath/Release-iphoneos -c -num-threads 16 -Xcc -ivfsstatcache -Xcc /Users/tommiller/Library/Developer/Xcode/DerivedData/SDKStatCaches.noindex/iphoneos26.5-23F81a-32daed1954a7d5dd0789fcaf2a9bb78b.sdkstatcache -output-file-map /Users/tommiller/Library/Developer/Xcode/DerivedData/App-diekzjczilnndmekcbwxdbymtdym/Build/Intermediates.noindex/ArchiveIntermediates/App/IntermediateBuildFilesPath/App.build/Release-iphoneos/App.build/Objects-normal/arm64/App-OutputFileMap.json -use-frontend-parseable-output -save-temps -no-color-diagnostics -explicit-module-build -module-cache-path /Users/tommiller/Library/Developer/Xcode/DerivedData/App-diekzjczilnndmekcbwxdbymtdym/Build/Intermediates.noindex/ArchiveIntermediates/App/IntermediateBuildFilesPath/SwiftExplicitPrecompiledModules -clang-scanner-module-cache-path /Users/tommiller/Library/Developer/Xcode/DerivedData/ModuleCache.noindex -sdk-module-cache-path /Users/tommiller/Library/Developer/Xcode/DerivedData/ModuleCache.noindex -serialize-diagnostics -emit-dependencies -emit-module -emit-module-path /Users/tommiller/Library/Developer/Xcode/DerivedData/App-diekzjczilnndmekcbwxdbymtdym/Build/Intermediates.noindex/ArchiveIntermediates/App/IntermediateBuildFilesPath/App.build/Release-iphoneos/App.build/Objects-normal/arm64/App.swiftmodule -validate-clang-modules-once -clang-build-session-file /Users/tommiller/Library/Developer/Xcode/DerivedData/ModuleCache.noindex/Session.modulevalidation -Xcc -I/Users/tommiller/Library/Developer/Xcode/DerivedData/App-diekzjczilnndmekcbwxdbymtdym/Build/Intermediates.noindex/ArchiveIntermediates/App/IntermediateBuildFilesPath/App.build/Release-iphoneos/App.build/swift-overrides.hmap -emit-const-values -Xfrontend -const-gather-protocols-file -Xfrontend /Users/tommiller/Library/Developer/Xcode/DerivedData/App-diekzjczilnndmekcbwxdbymtdym/Build/Intermediates.noindex/ArchiveIntermediates/App/IntermediateBuildFilesPath/App.build/Release-iphoneos/App.build/Objects-normal/arm64/App_const_extract_protocols.json -Xcc -iquote -Xcc /Users/tommiller/Library/Developer/Xcode/DerivedData/App-diekzjczilnndmekcbwxdbymtdym/Build/Intermediates.noindex/ArchiveIntermediates/App/IntermediateBuildFilesPath/App.build/Release-iphoneos/App.build/App-generated-files.hmap -Xcc -I/Users/tommiller/Library/Developer/Xcode/DerivedData/App-diekzjczilnndmekcbwxdbymtdym/Build/Intermediates.noindex/ArchiveIntermediates/App/IntermediateBuildFilesPath/App.build/Release-iphoneos/App.build/App-own-target-headers.hmap -Xcc -I/Users/tommiller/Library/Developer/Xcode/DerivedData/App-diekzjczilnndmekcbwxdbymtdym/Build/Intermediates.noindex/ArchiveIntermediates/App/IntermediateBuildFilesPath/App.build/Release-iphoneos/App.build/App-all-non-framework-target-headers.hmap -Xcc -ivfsoverlay -Xcc /Users/tommiller/Library/Developer/Xcode/DerivedData/App-diekzjczilnndmekcbwxdbymtdym/Build/Intermediates.noindex/ArchiveIntermediates/App/IntermediateBuildFilesPath/App.build/Release-iphoneos/App-0ca3007d900a678c2b4d53418799ee3d-VFS-iphoneos/all-product-headers.yaml -Xcc -iquote -Xcc /Users/tommiller/Library/Developer/Xcode/DerivedData/App-diekzjczilnndmekcbwxdbymtdym/Build/Intermediates.noindex/ArchiveIntermediates/App/IntermediateBuildFilesPath/App.build/Release-iphoneos/App.build/App-project-headers.hmap -Xcc -I/Users/tommiller/Library/Developer/Xcode/DerivedData/App-diekzjczilnndmekcbwxdbymtdym/Build/Intermediates.noindex/ArchiveIntermediates/App/BuildProductsPath/Release-iphoneos/include -Xcc -I/Users/tommiller/Library/Developer/Xcode/DerivedData/App-diekzjczilnndmekcbwxdbymtdym/Build/Intermediates.noindex/ArchiveIntermediates/App/IntermediateBuildFilesPath/App.build/Release-iphoneos/App.build/DerivedSources-normal/arm64 -Xcc -I/Users/tommiller/Library/Developer/Xcode/DerivedData/App-diekzjczilnndmekcbwxdbymtdym/Build/Intermediates.noindex/ArchiveIntermediates/App/IntermediateBuildFilesPath/App.build/Release-iphoneos/App.build/DerivedSources/arm64 -Xcc -I/Users/tommiller/Library/Developer/Xcode/DerivedData/App-diekzjczilnndmekcbwxdbymtdym/Build/Intermediates.noindex/ArchiveIntermediates/App/IntermediateBuildFilesPath/App.build/Release-iphoneos/App.build/DerivedSources -emit-objc-header -emit-objc-header-path /Users/tommiller/Library/Developer/Xcode/DerivedData/App-diekzjczilnndmekcbwxdbymtdym/Build/Intermediates.noindex/ArchiveIntermediates/App/IntermediateBuildFilesPath/App.build/Release-iphoneos/App.build/Objects-normal/arm64/App-Swift.h -working-directory /Users/tommiller/Documents/Hyperframes\ Editor/tally/native/ios/App -no-emit-module-separately-wmo

SetOwnerAndGroup tommiller:staff /Users/tommiller/Library/Developer/Xcode/DerivedData/App-diekzjczilnndmekcbwxdbymtdym/Build/Intermediates.noindex/ArchiveIntermediates/App/IntermediateBuildFilesPath/UninstalledProducts/iphoneos/CapApp-SPM.o (in target 'CapApp-SPM' from project 'CapApp-SPM')
    cd /Users/tommiller/Documents/Hyperframes\ Editor/tally/native/ios/App/CapApp-SPM
    /usr/sbin/chown -RH tommiller:staff /Users/tommiller/Library/Developer/Xcode/DerivedData/App-diekzjczilnndmekcbwxdbymtdym/Build/Intermediates.noindex/ArchiveIntermediates/App/IntermediateBuildFilesPath/UninstalledProducts/iphoneos/CapApp-SPM.o

SetMode u+w,go-w,a+rX /Users/tommiller/Library/Developer/Xcode/DerivedData/App-diekzjczilnndmekcbwxdbymtdym/Build/Intermediates.noindex/ArchiveIntermediates/App/IntermediateBuildFilesPath/UninstalledProducts/iphoneos/CapApp-SPM.o (in target 'CapApp-SPM' from project 'CapApp-SPM')
    cd /Users/tommiller/Documents/Hyperframes\ Editor/tally/native/ios/App/CapApp-SPM
    /bin/chmod -RH u+w,go-w,a+rX /Users/tommiller/Library/Developer/Xcode/DerivedData/App-diekzjczilnndmekcbwxdbymtdym/Build/Intermediates.noindex/ArchiveIntermediates/App/IntermediateBuildFilesPath/UninstalledProducts/iphoneos/CapApp-SPM.o

RegisterExecutionPolicyException /Users/tommiller/Library/Developer/Xcode/DerivedData/App-diekzjczilnndmekcbwxdbymtdym/Build/Intermediates.noindex/ArchiveIntermediates/App/IntermediateBuildFilesPath/UninstalledProducts/iphoneos/CapApp-SPM.o (in target 'CapApp-SPM' from project 'CapApp-SPM')
    cd /Users/tommiller/Documents/Hyperframes\ Editor/tally/native/ios/App/CapApp-SPM
    builtin-RegisterExecutionPolicyException /Users/tommiller/Library/Developer/Xcode/DerivedData/App-diekzjczilnndmekcbwxdbymtdym/Build/Intermediates.noindex/ArchiveIntermediates/App/IntermediateBuildFilesPath/UninstalledProducts/iphoneos/CapApp-SPM.o

CpResource /Users/tommiller/Library/Developer/Xcode/DerivedData/App-diekzjczilnndmekcbwxdbymtdym/Build/Intermediates.noindex/ArchiveIntermediates/App/InstallationBuildProductsLocation/Applications/App.app/config.xml /Users/tommiller/Documents/Hyperframes\ Editor/tally/native/ios/App/App/config.xml (in target 'App' from project 'App')
    cd /Users/tommiller/Documents/Hyperframes\ Editor/tally/native/ios/App
    builtin-copy -exclude .DS_Store -exclude CVS -exclude .svn -exclude .git -exclude .hg -resolve-src-symlinks /Users/tommiller/Documents/Hyperframes\ Editor/tally/native/ios/App/App/config.xml /Users/tommiller/Library/Developer/Xcode/DerivedData/App-diekzjczilnndmekcbwxdbymtdym/Build/Intermediates.noindex/ArchiveIntermediates/App/InstallationBuildProductsLocation/Applications/App.app

CpResource /Users/tommiller/Library/Developer/Xcode/DerivedData/App-diekzjczilnndmekcbwxdbymtdym/Build/Intermediates.noindex/ArchiveIntermediates/App/InstallationBuildProductsLocation/Applications/App.app/public /Users/tommiller/Documents/Hyperframes\ Editor/tally/native/ios/App/App/public (in target 'App' from project 'App')
    cd /Users/tommiller/Documents/Hyperframes\ Editor/tally/native/ios/App
    builtin-copy -exclude .DS_Store -exclude CVS -exclude .svn -exclude .git -exclude .hg -resolve-src-symlinks /Users/tommiller/Documents/Hyperframes\ Editor/tally/native/ios/App/App/public /Users/tommiller/Library/Developer/Xcode/DerivedData/App-diekzjczilnndmekcbwxdbymtdym/Build/Intermediates.noindex/ArchiveIntermediates/App/InstallationBuildProductsLocation/Applications/App.app

CpResource /Users/tommiller/Library/Developer/Xcode/DerivedData/App-diekzjczilnndmekcbwxdbymtdym/Build/Intermediates.noindex/ArchiveIntermediates/App/InstallationBuildProductsLocation/Applications/App.app/capacitor.config.json /Users/tommiller/Documents/Hyperframes\ Editor/tally/native/ios/App/App/capacitor.config.json (in target 'App' from project 'App')
    cd /Users/tommiller/Documents/Hyperframes\ Editor/tally/native/ios/App
    builtin-copy -exclude .DS_Store -exclude CVS -exclude .svn -exclude .git -exclude .hg -resolve-src-symlinks /Users/tommiller/Documents/Hyperframes\ Editor/tally/native/ios/App/App/capacitor.config.json /Users/tommiller/Library/Developer/Xcode/DerivedData/App-diekzjczilnndmekcbwxdbymtdym/Build/Intermediates.noindex/ArchiveIntermediates/App/InstallationBuildProductsLocation/Applications/App.app

Copy /Users/tommiller/Library/Developer/Xcode/DerivedData/App-diekzjczilnndmekcbwxdbymtdym/Build/Intermediates.noindex/ArchiveIntermediates/App/InstallationBuildProductsLocation/Applications/App.app/Frameworks/Cordova.framework /Users/tommiller/Library/Developer/Xcode/DerivedData/App-diekzjczilnndmekcbwxdbymtdym/SourcePackages/artifacts/capacitor-swift-pm/Cordova/Cordova.xcframework/ios-arm64/Cordova.framework (in target 'App' from project 'App')
    cd /Users/tommiller/Documents/Hyperframes\ Editor/tally/native/ios/App
    builtin-copy -exclude .DS_Store -exclude CVS -exclude .svn -exclude .git -exclude .hg -exclude Headers -exclude PrivateHeaders -exclude Modules -exclude \*.tbd -bitcode-strip all -bitcode-strip-tool /Applications/Xcode.app/Contents/Developer/Toolchains/XcodeDefault.xctoolchain/usr/bin/bitcode_strip -resolve-src-symlinks -remove-static-executable /Users/tommiller/Library/Developer/Xcode/DerivedData/App-diekzjczilnndmekcbwxdbymtdym/SourcePackages/artifacts/capacitor-swift-pm/Cordova/Cordova.xcframework/ios-arm64/Cordova.framework /Users/tommiller/Library/Developer/Xcode/DerivedData/App-diekzjczilnndmekcbwxdbymtdym/Build/Intermediates.noindex/ArchiveIntermediates/App/InstallationBuildProductsLocation/Applications/App.app/Frameworks
/Applications/Xcode.app/Contents/Developer/Toolchains/XcodeDefault.xctoolchain/usr/bin/bitcode_strip /Users/tommiller/Library/Developer/Xcode/DerivedData/App-diekzjczilnndmekcbwxdbymtdym/SourcePackages/artifacts/capacitor-swift-pm/Cordova/Cordova.xcframework/ios-arm64/Cordova.framework/Cordova -r -o /Users/tommiller/Library/Developer/Xcode/DerivedData/App-diekzjczilnndmekcbwxdbymtdym/Build/Intermediates.noindex/ArchiveIntermediates/App/InstallationBuildProductsLocation/Applications/App.app/Frameworks/Cordova.framework/Cordova

CompileStoryboard /Users/tommiller/Documents/Hyperframes\ Editor/tally/native/ios/App/App/Base.lproj/Main.storyboard (in target 'App' from project 'App')
    cd /Users/tommiller/Documents/Hyperframes\ Editor/tally/native/ios/App
    /Applications/Xcode.app/Contents/Developer/usr/bin/ibtool --errors --warnings --notices --module App --output-partial-info-plist /Users/tommiller/Library/Developer/Xcode/DerivedData/App-diekzjczilnndmekcbwxdbymtdym/Build/Intermediates.noindex/ArchiveIntermediates/App/IntermediateBuildFilesPath/App.build/Release-iphoneos/App.build/Base.lproj/Main-SBPartialInfo.plist --auto-activate-custom-fonts --target-device iphone --target-device ipad --minimum-deployment-target 15.0 --output-format human-readable-text /Users/tommiller/Documents/Hyperframes\ Editor/tally/native/ios/App/App/Base.lproj/Main.storyboard --compilation-directory /Users/tommiller/Library/Developer/Xcode/DerivedData/App-diekzjczilnndmekcbwxdbymtdym/Build/Intermediates.noindex/ArchiveIntermediates/App/IntermediateBuildFilesPath/App.build/Release-iphoneos/App.build/Base.lproj

Copy /Users/tommiller/Library/Developer/Xcode/DerivedData/App-diekzjczilnndmekcbwxdbymtdym/Build/Intermediates.noindex/ArchiveIntermediates/App/InstallationBuildProductsLocation/Applications/App.app/Frameworks/Capacitor.framework /Users/tommiller/Library/Developer/Xcode/DerivedData/App-diekzjczilnndmekcbwxdbymtdym/SourcePackages/artifacts/capacitor-swift-pm/Capacitor/Capacitor.xcframework/ios-arm64/Capacitor.framework (in target 'App' from project 'App')
    cd /Users/tommiller/Documents/Hyperframes\ Editor/tally/native/ios/App
    builtin-copy -exclude .DS_Store -exclude CVS -exclude .svn -exclude .git -exclude .hg -exclude Headers -exclude PrivateHeaders -exclude Modules -exclude \*.tbd -bitcode-strip all -bitcode-strip-tool /Applications/Xcode.app/Contents/Developer/Toolchains/XcodeDefault.xctoolchain/usr/bin/bitcode_strip -resolve-src-symlinks -remove-static-executable /Users/tommiller/Library/Developer/Xcode/DerivedData/App-diekzjczilnndmekcbwxdbymtdym/SourcePackages/artifacts/capacitor-swift-pm/Capacitor/Capacitor.xcframework/ios-arm64/Capacitor.framework /Users/tommiller/Library/Developer/Xcode/DerivedData/App-diekzjczilnndmekcbwxdbymtdym/Build/Intermediates.noindex/ArchiveIntermediates/App/InstallationBuildProductsLocation/Applications/App.app/Frameworks
/Applications/Xcode.app/Contents/Developer/Toolchains/XcodeDefault.xctoolchain/usr/bin/bitcode_strip /Users/tommiller/Library/Developer/Xcode/DerivedData/App-diekzjczilnndmekcbwxdbymtdym/SourcePackages/artifacts/capacitor-swift-pm/Capacitor/Capacitor.xcframework/ios-arm64/Capacitor.framework/Capacitor -r -o /Users/tommiller/Library/Developer/Xcode/DerivedData/App-diekzjczilnndmekcbwxdbymtdym/Build/Intermediates.noindex/ArchiveIntermediates/App/InstallationBuildProductsLocation/Applications/App.app/Frameworks/Capacitor.framework/Capacitor

CompileStoryboard /Users/tommiller/Documents/Hyperframes\ Editor/tally/native/ios/App/App/Base.lproj/LaunchScreen.storyboard (in target 'App' from project 'App')
    cd /Users/tommiller/Documents/Hyperframes\ Editor/tally/native/ios/App
    /Applications/Xcode.app/Contents/Developer/usr/bin/ibtool --errors --warnings --notices --module App --output-partial-info-plist /Users/tommiller/Library/Developer/Xcode/DerivedData/App-diekzjczilnndmekcbwxdbymtdym/Build/Intermediates.noindex/ArchiveIntermediates/App/IntermediateBuildFilesPath/App.build/Release-iphoneos/App.build/Base.lproj/LaunchScreen-SBPartialInfo.plist --auto-activate-custom-fonts --target-device iphone --target-device ipad --minimum-deployment-target 15.0 --output-format human-readable-text /Users/tommiller/Documents/Hyperframes\ Editor/tally/native/ios/App/App/Base.lproj/LaunchScreen.storyboard --compilation-directory /Users/tommiller/Library/Developer/Xcode/DerivedData/App-diekzjczilnndmekcbwxdbymtdym/Build/Intermediates.noindex/ArchiveIntermediates/App/IntermediateBuildFilesPath/App.build/Release-iphoneos/App.build/Base.lproj

CodeSign /Users/tommiller/Library/Developer/Xcode/DerivedData/App-diekzjczilnndmekcbwxdbymtdym/Build/Intermediates.noindex/ArchiveIntermediates/App/InstallationBuildProductsLocation/Applications/App.app/Frameworks/Capacitor.framework (in target 'App' from project 'App')
    cd /Users/tommiller/Documents/Hyperframes\ Editor/tally/native/ios/App
    
    Signing Identity:     "Apple Development: Thomas Miller (UNH37872UZ)"
    Provisioning Profile: "iOS Team Provisioning Profile: com.boneheadz.gym"
                          (c99a5ba5-e35e-4ea8-b37f-2e7e773de693)
    
    /usr/bin/codesign --force --sign B074E8C83C908068827A7968D85DA4CC6E0F88EF --preserve-metadata\=identifier,entitlements,flags --generate-entitlement-der /Users/tommiller/Library/Developer/Xcode/DerivedData/App-diekzjczilnndmekcbwxdbymtdym/Build/Intermediates.noindex/ArchiveIntermediates/App/InstallationBuildProductsLocation/Applications/App.app/Frameworks/Capacitor.framework

CodeSign /Users/tommiller/Library/Developer/Xcode/DerivedData/App-diekzjczilnndmekcbwxdbymtdym/Build/Intermediates.noindex/ArchiveIntermediates/App/InstallationBuildProductsLocation/Applications/App.app/Frameworks/Cordova.framework (in target 'App' from project 'App')
    cd /Users/tommiller/Documents/Hyperframes\ Editor/tally/native/ios/App
    
    Signing Identity:     "Apple Development: Thomas Miller (UNH37872UZ)"
    Provisioning Profile: "iOS Team Provisioning Profile: com.boneheadz.gym"
                          (c99a5ba5-e35e-4ea8-b37f-2e7e773de693)
    
    /usr/bin/codesign --force --sign B074E8C83C908068827A7968D85DA4CC6E0F88EF --preserve-metadata\=identifier,entitlements,flags --generate-entitlement-der /Users/tommiller/Library/Developer/Xcode/DerivedData/App-diekzjczilnndmekcbwxdbymtdym/Build/Intermediates.noindex/ArchiveIntermediates/App/InstallationBuildProductsLocation/Applications/App.app/Frameworks/Cordova.framework

SwiftDriver\ Compilation App normal arm64 com.apple.xcode.tools.swift.compiler (in target 'App' from project 'App')
    cd /Users/tommiller/Documents/Hyperframes\ Editor/tally/native/ios/App
    builtin-Swift-Compilation -- /Applications/Xcode.app/Contents/Developer/Toolchains/XcodeDefault.xctoolchain/usr/bin/swiftc -module-name App -O -whole-module-optimization @/Users/tommiller/Library/Developer/Xcode/DerivedData/App-diekzjczilnndmekcbwxdbymtdym/Build/Intermediates.noindex/ArchiveIntermediates/App/IntermediateBuildFilesPath/App.build/Release-iphoneos/App.build/Objects-normal/arm64/App.SwiftFileList -enable-bare-slash-regex -enable-experimental-feature DebugDescriptionMacro -sdk /Applications/Xcode.app/Contents/Developer/Platforms/iPhoneOS.platform/Developer/SDKs/iPhoneOS26.5.sdk -target arm64-apple-ios15.0 -g -module-cache-path /Users/tommiller/Library/Developer/Xcode/DerivedData/ModuleCache.noindex -Xfrontend -serialize-debugging-options -swift-version 5 -I /Users/tommiller/Library/Developer/Xcode/DerivedData/App-diekzjczilnndmekcbwxdbymtdym/Build/Intermediates.noindex/ArchiveIntermediates/App/BuildProductsPath/Release-iphoneos -F /Users/tommiller/Library/Developer/Xcode/DerivedData/App-diekzjczilnndmekcbwxdbymtdym/Build/Intermediates.noindex/ArchiveIntermediates/App/BuildProductsPath/Release-iphoneos/PackageFrameworks -F /Users/tommiller/Library/Developer/Xcode/DerivedData/App-diekzjczilnndmekcbwxdbymtdym/Build/Intermediates.noindex/ArchiveIntermediates/App/BuildProductsPath/Release-iphoneos/PackageFrameworks -F /Users/tommiller/Library/Developer/Xcode/DerivedData/App-diekzjczilnndmekcbwxdbymtdym/Build/Intermediates.noindex/ArchiveIntermediates/App/BuildProductsPath/Release-iphoneos/PackageFrameworks -F /Users/tommiller/Library/Developer/Xcode/DerivedData/App-diekzjczilnndmekcbwxdbymtdym/Build/Intermediates.noindex/ArchiveIntermediates/App/BuildProductsPath/Release-iphoneos -c -num-threads 16 -Xcc -ivfsstatcache -Xcc /Users/tommiller/Library/Developer/Xcode/DerivedData/SDKStatCaches.noindex/iphoneos26.5-23F81a-32daed1954a7d5dd0789fcaf2a9bb78b.sdkstatcache -output-file-map /Users/tommiller/Library/Developer/Xcode/DerivedData/App-diekzjczilnndmekcbwxdbymtdym/Build/Intermediates.noindex/ArchiveIntermediates/App/IntermediateBuildFilesPath/App.build/Release-iphoneos/App.build/Objects-normal/arm64/App-OutputFileMap.json -use-frontend-parseable-output -save-temps -no-color-diagnostics -explicit-module-build -module-cache-path /Users/tommiller/Library/Developer/Xcode/DerivedData/App-diekzjczilnndmekcbwxdbymtdym/Build/Intermediates.noindex/ArchiveIntermediates/App/IntermediateBuildFilesPath/SwiftExplicitPrecompiledModules -clang-scanner-module-cache-path /Users/tommiller/Library/Developer/Xcode/DerivedData/ModuleCache.noindex -sdk-module-cache-path /Users/tommiller/Library/Developer/Xcode/DerivedData/ModuleCache.noindex -serialize-diagnostics -emit-dependencies -emit-module -emit-module-path /Users/tommiller/Library/Developer/Xcode/DerivedData/App-diekzjczilnndmekcbwxdbymtdym/Build/Intermediates.noindex/ArchiveIntermediates/App/IntermediateBuildFilesPath/App.build/Release-iphoneos/App.build/Objects-normal/arm64/App.swiftmodule -validate-clang-modules-once -clang-build-session-file /Users/tommiller/Library/Developer/Xcode/DerivedData/ModuleCache.noindex/Session.modulevalidation -Xcc -I/Users/tommiller/Library/Developer/Xcode/DerivedData/App-diekzjczilnndmekcbwxdbymtdym/Build/Intermediates.noindex/ArchiveIntermediates/App/IntermediateBuildFilesPath/App.build/Release-iphoneos/App.build/swift-overrides.hmap -emit-const-values -Xfrontend -const-gather-protocols-file -Xfrontend /Users/tommiller/Library/Developer/Xcode/DerivedData/App-diekzjczilnndmekcbwxdbymtdym/Build/Intermediates.noindex/ArchiveIntermediates/App/IntermediateBuildFilesPath/App.build/Release-iphoneos/App.build/Objects-normal/arm64/App_const_extract_protocols.json -Xcc -iquote -Xcc /Users/tommiller/Library/Developer/Xcode/DerivedData/App-diekzjczilnndmekcbwxdbymtdym/Build/Intermediates.noindex/ArchiveIntermediates/App/IntermediateBuildFilesPath/App.build/Release-iphoneos/App.build/App-generated-files.hmap -Xcc -I/Users/tommiller/Library/Developer/Xcode/DerivedData/App-diekzjczilnndmekcbwxdbymtdym/Build/Intermediates.noindex/ArchiveIntermediates/App/IntermediateBuildFilesPath/App.build/Release-iphoneos/App.build/App-own-target-headers.hmap -Xcc -I/Users/tommiller/Library/Developer/Xcode/DerivedData/App-diekzjczilnndmekcbwxdbymtdym/Build/Intermediates.noindex/ArchiveIntermediates/App/IntermediateBuildFilesPath/App.build/Release-iphoneos/App.build/App-all-non-framework-target-headers.hmap -Xcc -ivfsoverlay -Xcc /Users/tommiller/Library/Developer/Xcode/DerivedData/App-diekzjczilnndmekcbwxdbymtdym/Build/Intermediates.noindex/ArchiveIntermediates/App/IntermediateBuildFilesPath/App.build/Release-iphoneos/App-0ca3007d900a678c2b4d53418799ee3d-VFS-iphoneos/all-product-headers.yaml -Xcc -iquote -Xcc /Users/tommiller/Library/Developer/Xcode/DerivedData/App-diekzjczilnndmekcbwxdbymtdym/Build/Intermediates.noindex/ArchiveIntermediates/App/IntermediateBuildFilesPath/App.build/Release-iphoneos/App.build/App-project-headers.hmap -Xcc -I/Users/tommiller/Library/Developer/Xcode/DerivedData/App-diekzjczilnndmekcbwxdbymtdym/Build/Intermediates.noindex/ArchiveIntermediates/App/BuildProductsPath/Release-iphoneos/include -Xcc -I/Users/tommiller/Library/Developer/Xcode/DerivedData/App-diekzjczilnndmekcbwxdbymtdym/Build/Intermediates.noindex/ArchiveIntermediates/App/IntermediateBuildFilesPath/App.build/Release-iphoneos/App.build/DerivedSources-normal/arm64 -Xcc -I/Users/tommiller/Library/Developer/Xcode/DerivedData/App-diekzjczilnndmekcbwxdbymtdym/Build/Intermediates.noindex/ArchiveIntermediates/App/IntermediateBuildFilesPath/App.build/Release-iphoneos/App.build/DerivedSources/arm64 -Xcc -I/Users/tommiller/Library/Developer/Xcode/DerivedData/App-diekzjczilnndmekcbwxdbymtdym/Build/Intermediates.noindex/ArchiveIntermediates/App/IntermediateBuildFilesPath/App.build/Release-iphoneos/App.build/DerivedSources -emit-objc-header -emit-objc-header-path /Users/tommiller/Library/Developer/Xcode/DerivedData/App-diekzjczilnndmekcbwxdbymtdym/Build/Intermediates.noindex/ArchiveIntermediates/App/IntermediateBuildFilesPath/App.build/Release-iphoneos/App.build/Objects-normal/arm64/App-Swift.h -working-directory /Users/tommiller/Documents/Hyperframes\ Editor/tally/native/ios/App -no-emit-module-separately-wmo

SwiftExplicitDependencyGeneratePcm arm64 /Users/tommiller/Library/Developer/Xcode/DerivedData/App-diekzjczilnndmekcbwxdbymtdym/Build/Intermediates.noindex/ArchiveIntermediates/App/IntermediateBuildFilesPath/SwiftExplicitPrecompiledModules/Cordova-7WE5GZ69ASBXKB3HATUN5G4YC.pcm

SwiftExplicitDependencyGeneratePcm arm64 /Users/tommiller/Library/Developer/Xcode/DerivedData/App-diekzjczilnndmekcbwxdbymtdym/Build/Intermediates.noindex/ArchiveIntermediates/App/IntermediateBuildFilesPath/SwiftExplicitPrecompiledModules/Capacitor-2M4L5NW8XRY6DHID7CI9T37RI.pcm

SwiftExplicitDependencyCompileModuleFromInterface arm64 /Users/tommiller/Library/Developer/Xcode/DerivedData/App-diekzjczilnndmekcbwxdbymtdym/Build/Intermediates.noindex/ArchiveIntermediates/App/IntermediateBuildFilesPath/SwiftExplicitPrecompiledModules/Capacitor-UEJUDQJ2CXNP.swiftmodule

SwiftCompile normal arm64 Compiling\ AppDelegate.swift,\ HealthPlugin.swift,\ BhVault.swift,\ BoneheadzViewController.swift,\ GeneratedAssetSymbols.swift /Users/tommiller/Documents/Hyperframes\ Editor/tally/native/ios/App/App/AppDelegate.swift /Users/tommiller/Documents/Hyperframes\ Editor/tally/native/ios/App/App/HealthPlugin.swift /Users/tommiller/Documents/Hyperframes\ Editor/tally/native/ios/App/App/BhVault.swift /Users/tommiller/Documents/Hyperframes\ Editor/tally/native/ios/App/App/BoneheadzViewController.swift /Users/tommiller/Library/Developer/Xcode/DerivedData/App-diekzjczilnndmekcbwxdbymtdym/Build/Intermediates.noindex/ArchiveIntermediates/App/IntermediateBuildFilesPath/App.build/Release-iphoneos/App.build/DerivedSources/GeneratedAssetSymbols.swift /Applications/Xcode.app/Contents/Developer/Toolchains/XcodeDefault.xctoolchain/usr/lib/swift/iphoneos/prebuilt-modules/26.5/OSLog.swiftmodule/arm64e-apple-ios.swiftmodule /Applications/Xcode.app/Contents/Developer/Toolchains/XcodeDefault.xctoolchain/usr/lib/swift/iphoneos/prebuilt-modules/26.5/CoreImage.swiftmodule/arm64e-apple-ios.swiftmodule /Applications/Xcode.app/Contents/Developer/Toolchains/XcodeDefault.xctoolchain/usr/lib/swift/iphoneos/prebuilt-modules/26.5/XPC.swiftmodule/arm64e-apple-ios.swiftmodule /Applications/Xcode.app/Contents/Developer/Toolchains/XcodeDefault.xctoolchain/usr/lib/swift/iphoneos/prebuilt-modules/26.5/SwiftUI.swiftmodule/arm64e-apple-ios.swiftmodule /Applications/Xcode.app/Contents/Developer/Toolchains/XcodeDefault.xctoolchain/usr/lib/swift/iphoneos/prebuilt-modules/26.5/Dispatch.swiftmodule/arm64e-apple-ios.swiftmodule /Applications/Xcode.app/Contents/Developer/Toolchains/XcodeDefault.xctoolchain/usr/lib/swift/iphoneos/prebuilt-modules/26.5/SwiftUICore.swiftmodule/arm64e-apple-ios.swiftmodule /Applications/Xcode.app/Contents/Developer/Toolchains/XcodeDefault.xctoolchain/usr/lib/swift/iphoneos/prebuilt-modules/26.5/UIKit.swiftmodule/arm64e-apple-ios.swiftmodule /Applications/Xcode.app/Contents/Developer/Toolchains/XcodeDefault.xctoolchain/usr/lib/swift/iphoneos/prebuilt-modules/26.5/_Concurrency.swiftmodule/arm64e-apple-ios.swiftmodule /Applications/Xcode.app/Contents/Developer/Toolchains/XcodeDefault.xctoolchain/usr/lib/swift/iphoneos/prebuilt-modules/26.5/_DarwinFoundation3.swiftmodule/arm64e-apple-ios.swiftmodule /Applications/Xcode.app/Contents/Developer/Toolchains/XcodeDefault.xctoolchain/usr/lib/swift/iphoneos/prebuilt-modules/26.5/Darwin.swiftmodule/arm64e-apple-ios.swiftmodule /Applications/Xcode.app/Contents/Developer/Toolchains/XcodeDefault.xctoolchain/usr/lib/swift/iphoneos/prebuilt-modules/26.5/CoreGraphics.swiftmodule/arm64e-apple-ios.swiftmodule /Applications/Xcode.app/Contents/Developer/Toolchains/XcodeDefault.xctoolchain/usr/lib/swift/iphoneos/prebuilt-modules/26.5/Combine.swiftmodule/arm64e-apple-ios.swiftmodule /Applications/Xcode.app/Contents/Developer/Toolchains/XcodeDefault.xctoolchain/usr/lib/swift/iphoneos/prebuilt-modules/26.5/Observation.swiftmodule/arm64e-apple-ios.swiftmodule /Applications/Xcode.app/Contents/Developer/Toolchains/XcodeDefault.xctoolchain/usr/lib/swift/iphoneos/prebuilt-modules/26.5/CoreLocation.swiftmodule/arm64e-apple-ios.swiftmodule /Applications/Xcode.app/Contents/Developer/Toolchains/XcodeDefault.xctoolchain/usr/lib/swift/iphoneos/prebuilt-modules/26.5/_DarwinFoundation2.swiftmodule/arm64e-apple-ios.swiftmodule /Applications/Xcode.app/Contents/Developer/Toolchains/XcodeDefault.xctoolchain/usr/lib/swift/iphoneos/prebuilt-modules/26.5/Symbols.swiftmodule/arm64e-apple-ios.swiftmodule /Applications/Xcode.app/Contents/Developer/Toolchains/XcodeDefault.xctoolchain/usr/lib/swift/iphoneos/prebuilt-modules/26.5/UniformTypeIdentifiers.swiftmodule/arm64e-apple-ios.swiftmodule /Applications/Xcode.app/Contents/Developer/Toolchains/XcodeDefault.xctoolchain/usr/lib/swift/iphoneos/prebuilt-modules/26.5/CoreTransferable.swiftmodule/arm64e-apple-ios.swiftmodule /Applications/Xcode.app/Contents/Developer/Toolchains/XcodeDefault.xctoolchain/usr/lib/swift/iphoneos/prebuilt-modules/26.5/WebKit.swiftmodule/arm64e-apple-ios.swiftmodule /Applications/Xcode.app/Contents/Developer/Toolchains/XcodeDefault.xctoolchain/usr/lib/swift/iphoneos/prebuilt-modules/26.5/simd.swiftmodule/arm64e-apple-ios.swiftmodule /Applications/Xcode.app/Contents/Developer/Toolchains/XcodeDefault.xctoolchain/usr/lib/swift/iphoneos/prebuilt-modules/26.5/_StringProcessing.swiftmodule/arm64e-apple-ios.swiftmodule /Applications/Xcode.app/Contents/Developer/Toolchains/XcodeDefault.xctoolchain/usr/lib/swift/iphoneos/prebuilt-modules/26.5/CoreVideo.swiftmodule/arm64e-apple-ios.swiftmodule /Applications/Xcode.app/Contents/Developer/Toolchains/XcodeDefault.xctoolchain/usr/lib/swift/iphoneos/prebuilt-modules/26.5/DeveloperToolsSupport.swiftmodule/arm64e-apple-ios.swiftmodule /Users/tommiller/Library/Developer/Xcode/DerivedData/App-diekzjczilnndmekcbwxdbymtdym/Build/Intermediates.noindex/ArchiveIntermediates/App/IntermediateBuildFilesPath/SwiftExplicitPrecompiledModules/Capacitor-UEJUDQJ2CXNP.swiftmodule /Applications/Xcode.app/Contents/Developer/Toolchains/XcodeDefault.xctoolchain/usr/lib/swift/iphoneos/prebuilt-modules/26.5/DataDetection.swiftmodule/arm64e-apple-ios.swiftmodule /Applications/Xcode.app/Contents/Developer/Toolchains/XcodeDefault.xctoolchain/usr/lib/swift/iphoneos/prebuilt-modules/26.5/_Builtin_float.swiftmodule/arm64e-apple-ios.swiftmodule /Applications/Xcode.app/Contents/Developer/Toolchains/XcodeDefault.xctoolchain/usr/lib/swift/iphoneos/prebuilt-modules/26.5/CoreData.swiftmodule/arm64e-apple-ios.swiftmodule /Applications/Xcode.app/Contents/Developer/Toolchains/XcodeDefault.xctoolchain/usr/lib/swift/iphoneos/prebuilt-modules/26.5/CoreFoundation.swiftmodule/arm64e-apple-ios.swiftmodule /Applications/Xcode.app/Contents/Developer/Toolchains/XcodeDefault.xctoolchain/usr/lib/swift/iphoneos/prebuilt-modules/26.5/System.swiftmodule/arm64e-apple-ios.swiftmodule /Applications/Xcode.app/Contents/Developer/Toolchains/XcodeDefault.xctoolchain/usr/lib/swift/iphoneos/prebuilt-modules/26.5/Metal.swiftmodule/arm64e-apple-ios.swiftmodule /Applications/Xcode.app/Contents/Developer/Toolchains/XcodeDefault.xctoolchain/usr/lib/swift/iphoneos/prebuilt-modules/26.5/os.swiftmodule/arm64e-apple-ios.swiftmodule /Applications/Xcode.app/Contents/Developer/Toolchains/XcodeDefault.xctoolchain/usr/lib/swift/iphoneos/prebuilt-modules/26.5/Spatial.swiftmodule/arm64e-apple-ios.swiftmodule /Applications/Xcode.app/Contents/Developer/Toolchains/XcodeDefault.xctoolchain/usr/lib/swift/iphoneos/prebuilt-modules/26.5/Swift.swiftmodule/arm64e-apple-ios.swiftmodule /Applications/Xcode.app/Contents/Developer/Toolchains/XcodeDefault.xctoolchain/usr/lib/swift/iphoneos/prebuilt-modules/26.5/Foundation.swiftmodule/arm64e-apple-ios.swiftmodule /Applications/Xcode.app/Contents/Developer/Toolchains/XcodeDefault.xctoolchain/usr/lib/swift/iphoneos/prebuilt-modules/26.5/QuartzCore.swiftmodule/arm64e-apple-ios.swiftmodule /Applications/Xcode.app/Contents/Developer/Toolchains/XcodeDefault.xctoolchain/usr/lib/swift/iphoneos/prebuilt-modules/26.5/FileProvider.swiftmodule/arm64e-apple-ios.swiftmodule /Applications/Xcode.app/Contents/Developer/Toolchains/XcodeDefault.xctoolchain/usr/lib/swift/iphoneos/prebuilt-modules/26.5/ObjectiveC.swiftmodule/arm64e-apple-ios.swiftmodule /Applications/Xcode.app/Contents/Developer/Toolchains/XcodeDefault.xctoolchain/usr/lib/swift/iphoneos/prebuilt-modules/26.5/Distributed.swiftmodule/arm64e-apple-ios.swiftmodule /Applications/Xcode.app/Contents/Developer/Toolchains/XcodeDefault.xctoolchain/usr/lib/swift/iphoneos/prebuilt-modules/26.5/_DarwinFoundation1.swiftmodule/arm64e-apple-ios.swiftmodule /Applications/Xcode.app/Contents/Developer/Toolchains/XcodeDefault.xctoolchain/usr/lib/swift/iphoneos/prebuilt-modules/26.5/HealthKit.swiftmodule/arm64e-apple-ios.swiftmodule /Applications/Xcode.app/Contents/Developer/Toolchains/XcodeDefault.xctoolchain/usr/lib/swift/iphoneos/prebuilt-modules/26.5/Accessibility.swiftmodule/arm64e-apple-ios.swiftmodule /Applications/Xcode.app/Contents/Developer/Toolchains/XcodeDefault.xctoolchain/usr/lib/swift/iphoneos/prebuilt-modules/26.5/Network.swiftmodule/arm64e-apple-ios.swiftmodule /Applications/Xcode.app/Contents/Developer/Toolchains/XcodeDefault.xctoolchain/usr/lib/swift/iphoneos/prebuilt-modules/26.5/CoreText.swiftmodule/arm64e-apple-ios.swiftmodule /Users/tommiller/Library/Developer/Xcode/DerivedData/ModuleCache.noindex/DataDetection-4WNWR5AVAP0SNPJ9HGOJU0CL9.pcm /Users/tommiller/Library/Developer/Xcode/DerivedData/ModuleCache.noindex/Foundation-BA4FEHVAXO0JEZHLCGWMOUN9C.pcm /Users/tommiller/Library/Developer/Xcode/DerivedData/ModuleCache.noindex/Metal-8KTVBEA0OMMW5EGDIDJF1FYM5.pcm /Users/tommiller/Library/Developer/Xcode/DerivedData/ModuleCache.noindex/CommonCrypto-9WPG7GSMBMM6YD38RX8XG9YPF.pcm /Users/tommiller/Library/Developer/Xcode/DerivedData/ModuleCache.noindex/_DarwinFoundation1-AOB5MJ0RE4RQRTX5ZJF05ZGLR.pcm /Users/tommiller/Library/Developer/Xcode/DerivedData/App-diekzjczilnndmekcbwxdbymtdym/Build/Intermediates.noindex/ArchiveIntermediates/App/IntermediateBuildFilesPath/SwiftExplicitPrecompiledModules/Capacitor-2M4L5NW8XRY6DHID7CI9T37RI.pcm /Users/tommiller/Library/Developer/Xcode/DerivedData/ModuleCache.noindex/_AvailabilityInternal-1HJJ536AJNI2DULDWPTNOW4JK.pcm /Users/tommiller/Library/Developer/Xcode/DerivedData/ModuleCache.noindex/WebKit-4ENDEAT9OFNTZVCBZSYXFROQX.pcm /Users/tommiller/Library/Developer/Xcode/DerivedData/ModuleCache.noindex/DeveloperToolsSupport-CKNWGKP2S4C01ADDDSH6NKAC9.pcm /Users/tommiller/Library/Developer/Xcode/DerivedData/ModuleCache.noindex/_LocationEssentials-5VB180AG2KXX9EKS1RWDJ3UEU.pcm /Users/tommiller/Library/Developer/Xcode/DerivedData/ModuleCache.noindex/CoreFoundation-BGO897ED5WOXLUX2R3078HKEA.pcm /Users/tommiller/Library/Developer/Xcode/DerivedData/ModuleCache.noindex/UniformTypeIdentifiers-EOV8AJYSUMSWRXV4A8YY7NH6I.pcm /Users/tommiller/Library/Developer/Xcode/DerivedData/ModuleCache.noindex/CoreText-Y77SMFBMJR45F9NDD8Q16Q3D.pcm /Users/tommiller/Library/Developer/Xcode/DerivedData/ModuleCache.noindex/CoreVideo-55W2Y9Q9U61KGVHEA96H219UY.pcm /Users/tommiller/Library/Developer/Xcode/DerivedData/ModuleCache.noindex/os_workgroup-F0OQE606VWJX8CBO6SGZHFUW7.pcm /Users/tommiller/Library/Developer/Xcode/DerivedData/ModuleCache.noindex/os-D62QL87NNC8Y9CWUC9QVOXAQB.pcm /Users/tommiller/Library/Developer/Xcode/DerivedData/ModuleCache.noindex/SwiftUICore-7CG5OMDKJ6POXMOO9Y6D83EY3.pcm /Users/tommiller/Library/Developer/Xcode/DerivedData/ModuleCache.noindex/_DarwinFoundation2-CH4445MI1TFGSJDR0K9NWC5YV.pcm /Users/tommiller/Library/Developer/Xcode/DerivedData/ModuleCache.noindex/XPC-7OFIJE64YUY46WVQL467B3E5E.pcm /Users/tommiller/Library/Developer/Xcode/DerivedData/ModuleCache.noindex/QuartzCore-69VBYO61JKIJ9NHPO7WZJIR6F.pcm /Users/tommiller/Library/Developer/Xcode/DerivedData/ModuleCache.noindex/Accessibility-678VK3P7A17EBKPM7B9UFR425.pcm /Users/tommiller/Library/Developer/Xcode/DerivedData/ModuleCache.noindex/_Builtin_stddef-4CRIW7DU7ZZFURHZXBJTY1S3Q.pcm /Users/tommiller/Library/Developer/Xcode/DerivedData/ModuleCache.noindex/HealthKit-4BT3T3YZNJ3E85JPIC2V06TTB.pcm /Users/tommiller/Library/Developer/Xcode/DerivedData/ModuleCache.noindex/_Builtin_limits-1E5FFG045T1FX7BD13A1CWS1C.pcm /Users/tommiller/Library/Developer/Xcode/DerivedData/ModuleCache.noindex/Symbols-CTRH6VHP2ZBUOKWNSU8REBDRD.pcm /Users/tommiller/Library/Developer/Xcode/DerivedData/ModuleCache.noindex/FileProvider-AE8M4L6IM2U93AE2N4AGTCDYR.pcm /Users/tommiller/Library/Developer/Xcode/DerivedData/ModuleCache.noindex/ptrcheck-9TE4JCVH8UJSJL2ZL5PQJPEWO.pcm /Users/tommiller/Library/Developer/Xcode/DerivedData/ModuleCache.noindex/_Builtin_stdbool-9BVRZPR9XT91GUW1J12GVSWT3.pcm /Users/tommiller/Library/Developer/Xcode/DerivedData/ModuleCache.noindex/_Builtin_tgmath-EXTJWDY46ZZ85EVBKFT42PPTE.pcm /Users/tommiller/Library/Developer/Xcode/DerivedData/ModuleCache.noindex/ObjectiveC-5C4GIUMHTU3UN7LTA4H8R2J1G.pcm /Users/tommiller/Library/Developer/Xcode/DerivedData/ModuleCache.noindex/dnssd-7OM1KH8IM2U4LLENBP4EHRY0E.pcm /Users/tommiller/Library/Developer/Xcode/DerivedData/ModuleCache.noindex/Dispatch-3ZR3UHH60JGNMDSE685EJXXEW.pcm /Users/tommiller/Library/Developer/Xcode/DerivedData/ModuleCache.noindex/_Builtin_intrinsics-7L5MJMPTRYVNXES30QUKULDSW.pcm /Users/tommiller/Library/Developer/Xcode/DerivedData/ModuleCache.noindex/UserNotifications-9YMKIXOCNEU8GUB7D8LBGWO5D.pcm /Users/tommiller/Library/Developer/Xcode/DerivedData/ModuleCache.noindex/_Builtin_stdint-4FKMGVYGRL592EVRJCRUPZV7K.pcm /Users/tommiller/Library/Developer/Xcode/DerivedData/ModuleCache.noindex/CoreGraphics-23VLL2LQ7PK1UTX6VR0HW9AB1.pcm /Users/tommiller/Library/Developer/Xcode/DerivedData/ModuleCache.noindex/_Builtin_inttypes-CP5VR236RSUVX9O09NLGXSVD1.pcm /Users/tommiller/Library/Developer/Xcode/DerivedData/ModuleCache.noindex/SwiftShims-67P0HINTSR8CBPTHJVKB6UKUQ.pcm /Users/tommiller/Library/Developer/Xcode/DerivedData/ModuleCache.noindex/_SwiftConcurrencyShims-DZSJZOC9MTFBE8EK5GA8DAWXR.pcm /Users/tommiller/Library/Developer/Xcode/DerivedData/ModuleCache.noindex/Darwin-CNLT594SDF6J0DM9U08W86OCO.pcm /Users/tommiller/Library/Developer/Xcode/DerivedData/App-diekzjczilnndmekcbwxdbymtdym/Build/Intermediates.noindex/ArchiveIntermediates/App/IntermediateBuildFilesPath/SwiftExplicitPrecompiledModules/Cordova-7WE5GZ69ASBXKB3HATUN5G4YC.pcm /Users/tommiller/Library/Developer/Xcode/DerivedData/ModuleCache.noindex/os_object-DOXD2PS4OUJH1WHS9ZQP0UEOV.pcm /Users/tommiller/Library/Developer/Xcode/DerivedData/ModuleCache.noindex/SwiftUI-EUFQSOONO87KKGBR20V7GFS6G.pcm /Users/tommiller/Library/Developer/Xcode/DerivedData/ModuleCache.noindex/CoreTransferable-64AK2CS2WO9TOOKTKC5JJ99E8.pcm /Users/tommiller/Library/Developer/Xcode/DerivedData/ModuleCache.noindex/sys_types-GEF62GXRRINO9H6VDIN3OR5W.pcm /Users/tommiller/Library/Developer/Xcode/DerivedData/ModuleCache.noindex/simd-BQCIM23JWSXO15LN5D7P7G00Y.pcm /Users/tommiller/Library/Developer/Xcode/DerivedData/ModuleCache.noindex/CoreLocation-9QL3MARGYXR07JTJE3H7QMYBR.pcm /Users/tommiller/Library/Developer/Xcode/DerivedData/ModuleCache.noindex/_DarwinFoundation3-9V4P6HG9DCH801T6WAOONKJOL.pcm /Users/tommiller/Library/Developer/Xcode/DerivedData/ModuleCache.noindex/_Builtin_stdatomic-EAR1ONL53HGCHC0PHY4L68D8Z.pcm /Users/tommiller/Library/Developer/Xcode/DerivedData/ModuleCache.noindex/UIKit-7E3ZP4QJO81VOSM7RG714H4N4.pcm /Users/tommiller/Library/Developer/Xcode/DerivedData/ModuleCache.noindex/_Builtin_stdarg-8L0OJXI4DT6OJHX70ZDOM7RXL.pcm /Users/tommiller/Library/Developer/Xcode/DerivedData/ModuleCache.noindex/UIUtilities-1FCN84FAKHMR44BH1UEC9BNBE.pcm /Users/tommiller/Library/Developer/Xcode/DerivedData/ModuleCache.noindex/Network-5AUET4504GA92FPCLST1739L8.pcm /Users/tommiller/Library/Developer/Xcode/DerivedData/ModuleCache.noindex/ptrauth-2XDIFMT2BNHDLZJ558MVWA3A.pcm /Users/tommiller/Library/Developer/Xcode/DerivedData/ModuleCache.noindex/CoreData-9YLFOERNPOMY9W5G82EBFXJY8.pcm /Users/tommiller/Library/Developer/Xcode/DerivedData/ModuleCache.noindex/CFNetwork-75N0N1VPKTFVQK61LTDC6NUTY.pcm /Users/tommiller/Library/Developer/Xcode/DerivedData/ModuleCache.noindex/_Builtin_float-D1EX8NI71CBQU206SSDGKQQHL.pcm /Users/tommiller/Library/Developer/Xcode/DerivedData/ModuleCache.noindex/Security-7Y0331MEMDMGD468TPXWH6CY3.pcm /Users/tommiller/Library/Developer/Xcode/DerivedData/ModuleCache.noindex/OSLog-ESVMHP5ITMD5PL0LM5DEXYWC8.pcm /Users/tommiller/Library/Developer/Xcode/DerivedData/ModuleCache.noindex/CoreImage-6UEVJNWI6L20KS7X8RYF0PXNP.pcm /Users/tommiller/Library/Developer/Xcode/DerivedData/ModuleCache.noindex/Spatial-CRTTU8J93J21WVPJPZ04UTB09.pcm /Users/tommiller/Library/Developer/Xcode/DerivedData/ModuleCache.noindex/IOSurface-AOZ3Z38PVS286DQ09M14KI1L4.pcm /Users/tommiller/Library/Developer/Xcode/DerivedData/ModuleCache.noindex/MachO-5AYZJGPAROF10MCP9LBU8YMIJ.pcm /Users/tommiller/Library/Developer/Xcode/DerivedData/ModuleCache.noindex/ImageIO-EKICVQIWCIUBQ0GLX3TSJ2QX0.pcm /Users/tommiller/Library/Developer/Xcode/DerivedData/ModuleCache.noindex/OpenGLES-8POJOHZD59NGH574L7TT64VXC.pcm /Users/tommiller/Library/Developer/Xcode/DerivedData/App-diekzjczilnndmekcbwxdbymtdym/Build/Intermediates.noindex/ArchiveIntermediates/App/IntermediateBuildFilesPath/App.build/Release-iphoneos/App.build/Objects-normal/arm64/App-dependencies-1.json (in target 'App' from project 'App')

CompileSwift normal arm64 (in target 'App' from project 'App')
    cd /Users/tommiller/Documents/Hyperframes\ Editor/tally/native/ios/App
    

SwiftDriverJobDiscovery normal arm64 Compiling AppDelegate.swift, HealthPlugin.swift, BhVault.swift, BoneheadzViewController.swift, GeneratedAssetSymbols.swift (in target 'App' from project 'App')

SwiftDriver\ Compilation\ Requirements App normal arm64 com.apple.xcode.tools.swift.compiler (in target 'App' from project 'App')
    cd /Users/tommiller/Documents/Hyperframes\ Editor/tally/native/ios/App
    builtin-Swift-Compilation-Requirements -- /Applications/Xcode.app/Contents/Developer/Toolchains/XcodeDefault.xctoolchain/usr/bin/swiftc -module-name App -O -whole-module-optimization @/Users/tommiller/Library/Developer/Xcode/DerivedData/App-diekzjczilnndmekcbwxdbymtdym/Build/Intermediates.noindex/ArchiveIntermediates/App/IntermediateBuildFilesPath/App.build/Release-iphoneos/App.build/Objects-normal/arm64/App.SwiftFileList -enable-bare-slash-regex -enable-experimental-feature DebugDescriptionMacro -sdk /Applications/Xcode.app/Contents/Developer/Platforms/iPhoneOS.platform/Developer/SDKs/iPhoneOS26.5.sdk -target arm64-apple-ios15.0 -g -module-cache-path /Users/tommiller/Library/Developer/Xcode/DerivedData/ModuleCache.noindex -Xfrontend -serialize-debugging-options -swift-version 5 -I /Users/tommiller/Library/Developer/Xcode/DerivedData/App-diekzjczilnndmekcbwxdbymtdym/Build/Intermediates.noindex/ArchiveIntermediates/App/BuildProductsPath/Release-iphoneos -F /Users/tommiller/Library/Developer/Xcode/DerivedData/App-diekzjczilnndmekcbwxdbymtdym/Build/Intermediates.noindex/ArchiveIntermediates/App/BuildProductsPath/Release-iphoneos/PackageFrameworks -F /Users/tommiller/Library/Developer/Xcode/DerivedData/App-diekzjczilnndmekcbwxdbymtdym/Build/Intermediates.noindex/ArchiveIntermediates/App/BuildProductsPath/Release-iphoneos/PackageFrameworks -F /Users/tommiller/Library/Developer/Xcode/DerivedData/App-diekzjczilnndmekcbwxdbymtdym/Build/Intermediates.noindex/ArchiveIntermediates/App/BuildProductsPath/Release-iphoneos/PackageFrameworks -F /Users/tommiller/Library/Developer/Xcode/DerivedData/App-diekzjczilnndmekcbwxdbymtdym/Build/Intermediates.noindex/ArchiveIntermediates/App/BuildProductsPath/Release-iphoneos -c -num-threads 16 -Xcc -ivfsstatcache -Xcc /Users/tommiller/Library/Developer/Xcode/DerivedData/SDKStatCaches.noindex/iphoneos26.5-23F81a-32daed1954a7d5dd0789fcaf2a9bb78b.sdkstatcache -output-file-map /Users/tommiller/Library/Developer/Xcode/DerivedData/App-diekzjczilnndmekcbwxdbymtdym/Build/Intermediates.noindex/ArchiveIntermediates/App/IntermediateBuildFilesPath/App.build/Release-iphoneos/App.build/Objects-normal/arm64/App-OutputFileMap.json -use-frontend-parseable-output -save-temps -no-color-diagnostics -explicit-module-build -module-cache-path /Users/tommiller/Library/Developer/Xcode/DerivedData/App-diekzjczilnndmekcbwxdbymtdym/Build/Intermediates.noindex/ArchiveIntermediates/App/IntermediateBuildFilesPath/SwiftExplicitPrecompiledModules -clang-scanner-module-cache-path /Users/tommiller/Library/Developer/Xcode/DerivedData/ModuleCache.noindex -sdk-module-cache-path /Users/tommiller/Library/Developer/Xcode/DerivedData/ModuleCache.noindex -serialize-diagnostics -emit-dependencies -emit-module -emit-module-path /Users/tommiller/Library/Developer/Xcode/DerivedData/App-diekzjczilnndmekcbwxdbymtdym/Build/Intermediates.noindex/ArchiveIntermediates/App/IntermediateBuildFilesPath/App.build/Release-iphoneos/App.build/Objects-normal/arm64/App.swiftmodule -validate-clang-modules-once -clang-build-session-file /Users/tommiller/Library/Developer/Xcode/DerivedData/ModuleCache.noindex/Session.modulevalidation -Xcc -I/Users/tommiller/Library/Developer/Xcode/DerivedData/App-diekzjczilnndmekcbwxdbymtdym/Build/Intermediates.noindex/ArchiveIntermediates/App/IntermediateBuildFilesPath/App.build/Release-iphoneos/App.build/swift-overrides.hmap -emit-const-values -Xfrontend -const-gather-protocols-file -Xfrontend /Users/tommiller/Library/Developer/Xcode/DerivedData/App-diekzjczilnndmekcbwxdbymtdym/Build/Intermediates.noindex/ArchiveIntermediates/App/IntermediateBuildFilesPath/App.build/Release-iphoneos/App.build/Objects-normal/arm64/App_const_extract_protocols.json -Xcc -iquote -Xcc /Users/tommiller/Library/Developer/Xcode/DerivedData/App-diekzjczilnndmekcbwxdbymtdym/Build/Intermediates.noindex/ArchiveIntermediates/App/IntermediateBuildFilesPath/App.build/Release-iphoneos/App.build/App-generated-files.hmap -Xcc -I/Users/tommiller/Library/Developer/Xcode/DerivedData/App-diekzjczilnndmekcbwxdbymtdym/Build/Intermediates.noindex/ArchiveIntermediates/App/IntermediateBuildFilesPath/App.build/Release-iphoneos/App.build/App-own-target-headers.hmap -Xcc -I/Users/tommiller/Library/Developer/Xcode/DerivedData/App-diekzjczilnndmekcbwxdbymtdym/Build/Intermediates.noindex/ArchiveIntermediates/App/IntermediateBuildFilesPath/App.build/Release-iphoneos/App.build/App-all-non-framework-target-headers.hmap -Xcc -ivfsoverlay -Xcc /Users/tommiller/Library/Developer/Xcode/DerivedData/App-diekzjczilnndmekcbwxdbymtdym/Build/Intermediates.noindex/ArchiveIntermediates/App/IntermediateBuildFilesPath/App.build/Release-iphoneos/App-0ca3007d900a678c2b4d53418799ee3d-VFS-iphoneos/all-product-headers.yaml -Xcc -iquote -Xcc /Users/tommiller/Library/Developer/Xcode/DerivedData/App-diekzjczilnndmekcbwxdbymtdym/Build/Intermediates.noindex/ArchiveIntermediates/App/IntermediateBuildFilesPath/App.build/Release-iphoneos/App.build/App-project-headers.hmap -Xcc -I/Users/tommiller/Library/Developer/Xcode/DerivedData/App-diekzjczilnndmekcbwxdbymtdym/Build/Intermediates.noindex/ArchiveIntermediates/App/BuildProductsPath/Release-iphoneos/include -Xcc -I/Users/tommiller/Library/Developer/Xcode/DerivedData/App-diekzjczilnndmekcbwxdbymtdym/Build/Intermediates.noindex/ArchiveIntermediates/App/IntermediateBuildFilesPath/App.build/Release-iphoneos/App.build/DerivedSources-normal/arm64 -Xcc -I/Users/tommiller/Library/Developer/Xcode/DerivedData/App-diekzjczilnndmekcbwxdbymtdym/Build/Intermediates.noindex/ArchiveIntermediates/App/IntermediateBuildFilesPath/App.build/Release-iphoneos/App.build/DerivedSources/arm64 -Xcc -I/Users/tommiller/Library/Developer/Xcode/DerivedData/App-diekzjczilnndmekcbwxdbymtdym/Build/Intermediates.noindex/ArchiveIntermediates/App/IntermediateBuildFilesPath/App.build/Release-iphoneos/App.build/DerivedSources -emit-objc-header -emit-objc-header-path /Users/tommiller/Library/Developer/Xcode/DerivedData/App-diekzjczilnndmekcbwxdbymtdym/Build/Intermediates.noindex/ArchiveIntermediates/App/IntermediateBuildFilesPath/App.build/Release-iphoneos/App.build/Objects-normal/arm64/App-Swift.h -working-directory /Users/tommiller/Documents/Hyperframes\ Editor/tally/native/ios/App -no-emit-module-separately-wmo

SwiftMergeGeneratedHeaders /Users/tommiller/Library/Developer/Xcode/DerivedData/App-diekzjczilnndmekcbwxdbymtdym/Build/Intermediates.noindex/ArchiveIntermediates/App/IntermediateBuildFilesPath/App.build/Release-iphoneos/App.build/DerivedSources/App-Swift.h /Users/tommiller/Library/Developer/Xcode/DerivedData/App-diekzjczilnndmekcbwxdbymtdym/Build/Intermediates.noindex/ArchiveIntermediates/App/IntermediateBuildFilesPath/App.build/Release-iphoneos/App.build/Objects-normal/arm64/App-Swift.h (in target 'App' from project 'App')
    cd /Users/tommiller/Documents/Hyperframes\ Editor/tally/native/ios/App
    builtin-swiftHeaderTool -arch arm64 /Users/tommiller/Library/Developer/Xcode/DerivedData/App-diekzjczilnndmekcbwxdbymtdym/Build/Intermediates.noindex/ArchiveIntermediates/App/IntermediateBuildFilesPath/App.build/Release-iphoneos/App.build/Objects-normal/arm64/App-Swift.h -o /Users/tommiller/Library/Developer/Xcode/DerivedData/App-diekzjczilnndmekcbwxdbymtdym/Build/Intermediates.noindex/ArchiveIntermediates/App/IntermediateBuildFilesPath/App.build/Release-iphoneos/App.build/DerivedSources/App-Swift.h

Copy /Users/tommiller/Library/Developer/Xcode/DerivedData/App-diekzjczilnndmekcbwxdbymtdym/Build/Intermediates.noindex/ArchiveIntermediates/App/BuildProductsPath/Release-iphoneos/App.swiftmodule/arm64-apple-ios.swiftmodule /Users/tommiller/Library/Developer/Xcode/DerivedData/App-diekzjczilnndmekcbwxdbymtdym/Build/Intermediates.noindex/ArchiveIntermediates/App/IntermediateBuildFilesPath/App.build/Release-iphoneos/App.build/Objects-normal/arm64/App.swiftmodule (in target 'App' from project 'App')
    cd /Users/tommiller/Documents/Hyperframes\ Editor/tally/native/ios/App
    builtin-copy -exclude .DS_Store -exclude CVS -exclude .svn -exclude .git -exclude .hg -resolve-src-symlinks -rename /Users/tommiller/Library/Developer/Xcode/DerivedData/App-diekzjczilnndmekcbwxdbymtdym/Build/Intermediates.noindex/ArchiveIntermediates/App/IntermediateBuildFilesPath/App.build/Release-iphoneos/App.build/Objects-normal/arm64/App.swiftmodule /Users/tommiller/Library/Developer/Xcode/DerivedData/App-diekzjczilnndmekcbwxdbymtdym/Build/Intermediates.noindex/ArchiveIntermediates/App/BuildProductsPath/Release-iphoneos/App.swiftmodule/arm64-apple-ios.swiftmodule

Copy /Users/tommiller/Library/Developer/Xcode/DerivedData/App-diekzjczilnndmekcbwxdbymtdym/Build/Intermediates.noindex/ArchiveIntermediates/App/BuildProductsPath/Release-iphoneos/App.swiftmodule/arm64-apple-ios.abi.json /Users/tommiller/Library/Developer/Xcode/DerivedData/App-diekzjczilnndmekcbwxdbymtdym/Build/Intermediates.noindex/ArchiveIntermediates/App/IntermediateBuildFilesPath/App.build/Release-iphoneos/App.build/Objects-normal/arm64/App.abi.json (in target 'App' from project 'App')
    cd /Users/tommiller/Documents/Hyperframes\ Editor/tally/native/ios/App
    builtin-copy -exclude .DS_Store -exclude CVS -exclude .svn -exclude .git -exclude .hg -resolve-src-symlinks -rename /Users/tommiller/Library/Developer/Xcode/DerivedData/App-diekzjczilnndmekcbwxdbymtdym/Build/Intermediates.noindex/ArchiveIntermediates/App/IntermediateBuildFilesPath/App.build/Release-iphoneos/App.build/Objects-normal/arm64/App.abi.json /Users/tommiller/Library/Developer/Xcode/DerivedData/App-diekzjczilnndmekcbwxdbymtdym/Build/Intermediates.noindex/ArchiveIntermediates/App/BuildProductsPath/Release-iphoneos/App.swiftmodule/arm64-apple-ios.abi.json

Copy /Users/tommiller/Library/Developer/Xcode/DerivedData/App-diekzjczilnndmekcbwxdbymtdym/Build/Intermediates.noindex/ArchiveIntermediates/App/BuildProductsPath/Release-iphoneos/App.swiftmodule/arm64-apple-ios.swiftdoc /Users/tommiller/Library/Developer/Xcode/DerivedData/App-diekzjczilnndmekcbwxdbymtdym/Build/Intermediates.noindex/ArchiveIntermediates/App/IntermediateBuildFilesPath/App.build/Release-iphoneos/App.build/Objects-normal/arm64/App.swiftdoc (in target 'App' from project 'App')
    cd /Users/tommiller/Documents/Hyperframes\ Editor/tally/native/ios/App
    builtin-copy -exclude .DS_Store -exclude CVS -exclude .svn -exclude .git -exclude .hg -resolve-src-symlinks -rename /Users/tommiller/Library/Developer/Xcode/DerivedData/App-diekzjczilnndmekcbwxdbymtdym/Build/Intermediates.noindex/ArchiveIntermediates/App/IntermediateBuildFilesPath/App.build/Release-iphoneos/App.build/Objects-normal/arm64/App.swiftdoc /Users/tommiller/Library/Developer/Xcode/DerivedData/App-diekzjczilnndmekcbwxdbymtdym/Build/Intermediates.noindex/ArchiveIntermediates/App/BuildProductsPath/Release-iphoneos/App.swiftmodule/arm64-apple-ios.swiftdoc

Ld /Users/tommiller/Library/Developer/Xcode/DerivedData/App-diekzjczilnndmekcbwxdbymtdym/Build/Intermediates.noindex/ArchiveIntermediates/App/InstallationBuildProductsLocation/Applications/App.app/App normal (in target 'App' from project 'App')
    cd /Users/tommiller/Documents/Hyperframes\ Editor/tally/native/ios/App
    /Applications/Xcode.app/Contents/Developer/Toolchains/XcodeDefault.xctoolchain/usr/bin/clang -Xlinker -reproducible -target arm64-apple-ios15.0 -isysroot /Applications/Xcode.app/Contents/Developer/Platforms/iPhoneOS.platform/Developer/SDKs/iPhoneOS26.5.sdk -Os -L/Users/tommiller/Library/Developer/Xcode/DerivedData/App-diekzjczilnndmekcbwxdbymtdym/Build/Intermediates.noindex/ArchiveIntermediates/App/IntermediateBuildFilesPath/EagerLinkingTBDs/Release-iphoneos -L/Users/tommiller/Library/Developer/Xcode/DerivedData/App-diekzjczilnndmekcbwxdbymtdym/Build/Intermediates.noindex/ArchiveIntermediates/App/BuildProductsPath/Release-iphoneos -F/Users/tommiller/Library/Developer/Xcode/DerivedData/App-diekzjczilnndmekcbwxdbymtdym/Build/Intermediates.noindex/ArchiveIntermediates/App/IntermediateBuildFilesPath/EagerLinkingTBDs/Release-iphoneos -F/Users/tommiller/Library/Developer/Xcode/DerivedData/App-diekzjczilnndmekcbwxdbymtdym/Build/Intermediates.noindex/ArchiveIntermediates/App/BuildProductsPath/Release-iphoneos/PackageFrameworks -F/Users/tommiller/Library/Developer/Xcode/DerivedData/App-diekzjczilnndmekcbwxdbymtdym/Build/Intermediates.noindex/ArchiveIntermediates/App/BuildProductsPath/Release-iphoneos/PackageFrameworks -F/Users/tommiller/Library/Developer/Xcode/DerivedData/App-diekzjczilnndmekcbwxdbymtdym/Build/Intermediates.noindex/ArchiveIntermediates/App/BuildProductsPath/Release-iphoneos/PackageFrameworks -F/Users/tommiller/Library/Developer/Xcode/DerivedData/App-diekzjczilnndmekcbwxdbymtdym/Build/Intermediates.noindex/ArchiveIntermediates/App/BuildProductsPath/Release-iphoneos -filelist /Users/tommiller/Library/Developer/Xcode/DerivedData/App-diekzjczilnndmekcbwxdbymtdym/Build/Intermediates.noindex/ArchiveIntermediates/App/IntermediateBuildFilesPath/App.build/Release-iphoneos/App.build/Objects-normal/arm64/App.LinkFileList -Xlinker -rpath -Xlinker /usr/lib/swift -Xlinker -rpath -Xlinker @executable_path/Frameworks -Xlinker -dead_strip -Xlinker -object_path_lto -Xlinker /Users/tommiller/Library/Developer/Xcode/DerivedData/App-diekzjczilnndmekcbwxdbymtdym/Build/Intermediates.noindex/ArchiveIntermediates/App/IntermediateBuildFilesPath/App.build/Release-iphoneos/App.build/Objects-normal/arm64/App_lto.o -Xlinker -final_output -Xlinker /Applications/App.app/App -Xlinker -dependency_info -Xlinker /Users/tommiller/Library/Developer/Xcode/DerivedData/App-diekzjczilnndmekcbwxdbymtdym/Build/Intermediates.noindex/ArchiveIntermediates/App/IntermediateBuildFilesPath/App.build/Release-iphoneos/App.build/Objects-normal/arm64/App_dependency_info.dat -fobjc-link-runtime -L/Applications/Xcode.app/Contents/Developer/Toolchains/XcodeDefault.xctoolchain/usr/lib/swift/iphoneos -L/usr/lib/swift -Xlinker -add_ast_path -Xlinker /Users/tommiller/Library/Developer/Xcode/DerivedData/App-diekzjczilnndmekcbwxdbymtdym/Build/Intermediates.noindex/ArchiveIntermediates/App/IntermediateBuildFilesPath/App.build/Release-iphoneos/App.build/Objects-normal/arm64/App.swiftmodule @/Users/tommiller/Library/Developer/Xcode/DerivedData/App-diekzjczilnndmekcbwxdbymtdym/Build/Intermediates.noindex/ArchiveIntermediates/App/IntermediateBuildFilesPath/App.build/Release-iphoneos/App.build/Objects-normal/arm64/App-linker-args.resp -Wl,-no_warn_duplicate_libraries -Wl,-no_warn_duplicate_libraries -Wl,-no_warn_duplicate_libraries -framework Capacitor -framework Capacitor -framework Cordova -framework Cordova -framework Capacitor -framework Cordova -framework Capacitor -framework Cordova -Xlinker -no_adhoc_codesign -o /Users/tommiller/Library/Developer/Xcode/DerivedData/App-diekzjczilnndmekcbwxdbymtdym/Build/Intermediates.noindex/ArchiveIntermediates/App/InstallationBuildProductsLocation/Applications/App.app/App -Xlinker -add_ast_path -Xlinker /Users/tommiller/Library/Developer/Xcode/DerivedData/App-diekzjczilnndmekcbwxdbymtdym/Build/Intermediates.noindex/ArchiveIntermediates/App/IntermediateBuildFilesPath/CapApp-SPM.build/Release-iphoneos/CapApp-SPM.build/Objects-normal/arm64/CapApp_SPM.swiftmodule @/Users/tommiller/Library/Developer/Xcode/DerivedData/App-diekzjczilnndmekcbwxdbymtdym/Build/Intermediates.noindex/ArchiveIntermediates/App/IntermediateBuildFilesPath/CapApp-SPM.build/Release-iphoneos/CapApp-SPM.build/Objects-normal/arm64/CapApp_SPM-linker-args.resp -Xlinker -add_ast_path -Xlinker /Users/tommiller/Library/Developer/Xcode/DerivedData/App-diekzjczilnndmekcbwxdbymtdym/Build/Intermediates.noindex/ArchiveIntermediates/App/IntermediateBuildFilesPath/CapacitorApp.build/Release-iphoneos/AppPlugin.build/Objects-normal/arm64/AppPlugin.swiftmodule @/Users/tommiller/Library/Developer/Xcode/DerivedData/App-diekzjczilnndmekcbwxdbymtdym/Build/Intermediates.noindex/ArchiveIntermediates/App/IntermediateBuildFilesPath/CapacitorApp.build/Release-iphoneos/AppPlugin.build/Objects-normal/arm64/AppPlugin-linker-args.resp -Xlinker -add_ast_path -Xlinker /Users/tommiller/Library/Developer/Xcode/DerivedData/App-diekzjczilnndmekcbwxdbymtdym/Build/Intermediates.noindex/ArchiveIntermediates/App/IntermediateBuildFilesPath/CapacitorLocalNotifications.build/Release-iphoneos/LocalNotificationsPlugin.build/Objects-normal/arm64/LocalNotificationsPlugin.swiftmodule @/Users/tommiller/Library/Developer/Xcode/DerivedData/App-diekzjczilnndmekcbwxdbymtdym/Build/Intermediates.noindex/ArchiveIntermediates/App/IntermediateBuildFilesPath/CapacitorLocalNotifications.build/Release-iphoneos/LocalNotificationsPlugin.build/Objects-normal/arm64/LocalNotificationsPlugin-linker-args.resp

LinkStoryboards (in target 'App' from project 'App')
    cd /Users/tommiller/Documents/Hyperframes\ Editor/tally/native/ios/App
    /Applications/Xcode.app/Contents/Developer/usr/bin/ibtool --errors --warnings --notices --module App --target-device iphone --target-device ipad --minimum-deployment-target 15.0 --output-format human-readable-text --link /Users/tommiller/Library/Developer/Xcode/DerivedData/App-diekzjczilnndmekcbwxdbymtdym/Build/Intermediates.noindex/ArchiveIntermediates/App/InstallationBuildProductsLocation/Applications/App.app /Users/tommiller/Library/Developer/Xcode/DerivedData/App-diekzjczilnndmekcbwxdbymtdym/Build/Intermediates.noindex/ArchiveIntermediates/App/IntermediateBuildFilesPath/App.build/Release-iphoneos/App.build/Base.lproj/LaunchScreen.storyboardc /Users/tommiller/Library/Developer/Xcode/DerivedData/App-diekzjczilnndmekcbwxdbymtdym/Build/Intermediates.noindex/ArchiveIntermediates/App/IntermediateBuildFilesPath/App.build/Release-iphoneos/App.build/Base.lproj/Main.storyboardc

LinkAssetCatalog /Users/tommiller/Documents/Hyperframes\ Editor/tally/native/ios/App/App/Assets.xcassets (in target 'App' from project 'App')
    cd /Users/tommiller/Documents/Hyperframes\ Editor/tally/native/ios/App
    builtin-linkAssetCatalog --thinned /Users/tommiller/Library/Developer/Xcode/DerivedData/App-diekzjczilnndmekcbwxdbymtdym/Build/Intermediates.noindex/ArchiveIntermediates/App/IntermediateBuildFilesPath/App.build/Release-iphoneos/App.build/assetcatalog_output/thinned --thinned-dependencies /Users/tommiller/Library/Developer/Xcode/DerivedData/App-diekzjczilnndmekcbwxdbymtdym/Build/Intermediates.noindex/ArchiveIntermediates/App/IntermediateBuildFilesPath/App.build/Release-iphoneos/App.build/assetcatalog_dependencies_thinned --thinned-info-plist-content /Users/tommiller/Library/Developer/Xcode/DerivedData/App-diekzjczilnndmekcbwxdbymtdym/Build/Intermediates.noindex/ArchiveIntermediates/App/IntermediateBuildFilesPath/App.build/Release-iphoneos/App.build/assetcatalog_generated_info.plist_thinned --unthinned /Users/tommiller/Library/Developer/Xcode/DerivedData/App-diekzjczilnndmekcbwxdbymtdym/Build/Intermediates.noindex/ArchiveIntermediates/App/IntermediateBuildFilesPath/App.build/Release-iphoneos/App.build/assetcatalog_output/unthinned --unthinned-dependencies /Users/tommiller/Library/Developer/Xcode/DerivedData/App-diekzjczilnndmekcbwxdbymtdym/Build/Intermediates.noindex/ArchiveIntermediates/App/IntermediateBuildFilesPath/App.build/Release-iphoneos/App.build/assetcatalog_dependencies_unthinned --unthinned-info-plist-content /Users/tommiller/Library/Developer/Xcode/DerivedData/App-diekzjczilnndmekcbwxdbymtdym/Build/Intermediates.noindex/ArchiveIntermediates/App/IntermediateBuildFilesPath/App.build/Release-iphoneos/App.build/assetcatalog_generated_info.plist_unthinned --output /Users/tommiller/Library/Developer/Xcode/DerivedData/App-diekzjczilnndmekcbwxdbymtdym/Build/Intermediates.noindex/ArchiveIntermediates/App/InstallationBuildProductsLocation/Applications/App.app --plist-output /Users/tommiller/Library/Developer/Xcode/DerivedData/App-diekzjczilnndmekcbwxdbymtdym/Build/Intermediates.noindex/ArchiveIntermediates/App/IntermediateBuildFilesPath/App.build/Release-iphoneos/App.build/assetcatalog_generated_info.plist
note: Emplaced /Users/tommiller/Library/Developer/Xcode/DerivedData/App-diekzjczilnndmekcbwxdbymtdym/Build/Intermediates.noindex/ArchiveIntermediates/App/InstallationBuildProductsLocation/Applications/App.app/AppIcon60x60@2x.png (in target 'App' from project 'App')
note: Emplaced /Users/tommiller/Library/Developer/Xcode/DerivedData/App-diekzjczilnndmekcbwxdbymtdym/Build/Intermediates.noindex/ArchiveIntermediates/App/InstallationBuildProductsLocation/Applications/App.app/Assets.car (in target 'App' from project 'App')
note: Emplaced /Users/tommiller/Library/Developer/Xcode/DerivedData/App-diekzjczilnndmekcbwxdbymtdym/Build/Intermediates.noindex/ArchiveIntermediates/App/InstallationBuildProductsLocation/Applications/App.app/AppIcon76x76@2x~ipad.png (in target 'App' from project 'App')

ProcessInfoPlistFile /Users/tommiller/Library/Developer/Xcode/DerivedData/App-diekzjczilnndmekcbwxdbymtdym/Build/Intermediates.noindex/ArchiveIntermediates/App/InstallationBuildProductsLocation/Applications/App.app/Info.plist /Users/tommiller/Documents/Hyperframes\ Editor/tally/native/ios/App/App/Info.plist (in target 'App' from project 'App')
    cd /Users/tommiller/Documents/Hyperframes\ Editor/tally/native/ios/App
    builtin-infoPlistUtility /Users/tommiller/Documents/Hyperframes\ Editor/tally/native/ios/App/App/Info.plist -producttype com.apple.product-type.application -genpkginfo /Users/tommiller/Library/Developer/Xcode/DerivedData/App-diekzjczilnndmekcbwxdbymtdym/Build/Intermediates.noindex/ArchiveIntermediates/App/InstallationBuildProductsLocation/Applications/App.app/PkgInfo -expandbuildsettings -format binary -platform iphoneos -additionalcontentfile /Users/tommiller/Library/Developer/Xcode/DerivedData/App-diekzjczilnndmekcbwxdbymtdym/Build/Intermediates.noindex/ArchiveIntermediates/App/IntermediateBuildFilesPath/App.build/Release-iphoneos/App.build/Base.lproj/LaunchScreen-SBPartialInfo.plist -additionalcontentfile /Users/tommiller/Library/Developer/Xcode/DerivedData/App-diekzjczilnndmekcbwxdbymtdym/Build/Intermediates.noindex/ArchiveIntermediates/App/IntermediateBuildFilesPath/App.build/Release-iphoneos/App.build/Base.lproj/Main-SBPartialInfo.plist -additionalcontentfile /Users/tommiller/Library/Developer/Xcode/DerivedData/App-diekzjczilnndmekcbwxdbymtdym/Build/Intermediates.noindex/ArchiveIntermediates/App/IntermediateBuildFilesPath/App.build/Release-iphoneos/App.build/assetcatalog_generated_info.plist -scanforprivacyfile /Users/tommiller/Library/Developer/Xcode/DerivedData/App-diekzjczilnndmekcbwxdbymtdym/Build/Intermediates.noindex/ArchiveIntermediates/App/InstallationBuildProductsLocation/Applications/App.app/Frameworks/Capacitor.framework -scanforprivacyfile /Users/tommiller/Library/Developer/Xcode/DerivedData/App-diekzjczilnndmekcbwxdbymtdym/Build/Intermediates.noindex/ArchiveIntermediates/App/InstallationBuildProductsLocation/Applications/App.app/Frameworks/Cordova.framework -requiredArchitecture arm64 -o /Users/tommiller/Library/Developer/Xcode/DerivedData/App-diekzjczilnndmekcbwxdbymtdym/Build/Intermediates.noindex/ArchiveIntermediates/App/InstallationBuildProductsLocation/Applications/App.app/Info.plist

CopySwiftLibs /Users/tommiller/Library/Developer/Xcode/DerivedData/App-diekzjczilnndmekcbwxdbymtdym/Build/Intermediates.noindex/ArchiveIntermediates/App/InstallationBuildProductsLocation/Applications/App.app (in target 'App' from project 'App')
    cd /Users/tommiller/Documents/Hyperframes\ Editor/tally/native/ios/App
    builtin-swiftStdLibTool --copy --verbose --sign B074E8C83C908068827A7968D85DA4CC6E0F88EF --scan-executable /Users/tommiller/Library/Developer/Xcode/DerivedData/App-diekzjczilnndmekcbwxdbymtdym/Build/Intermediates.noindex/ArchiveIntermediates/App/InstallationBuildProductsLocation/Applications/App.app/App --scan-folder /Users/tommiller/Library/Developer/Xcode/DerivedData/App-diekzjczilnndmekcbwxdbymtdym/Build/Intermediates.noindex/ArchiveIntermediates/App/InstallationBuildProductsLocation/Applications/App.app/Frameworks --scan-folder /Users/tommiller/Library/Developer/Xcode/DerivedData/App-diekzjczilnndmekcbwxdbymtdym/Build/Intermediates.noindex/ArchiveIntermediates/App/InstallationBuildProductsLocation/Applications/App.app/PlugIns --scan-folder /Users/tommiller/Library/Developer/Xcode/DerivedData/App-diekzjczilnndmekcbwxdbymtdym/Build/Intermediates.noindex/ArchiveIntermediates/App/InstallationBuildProductsLocation/Applications/App.app/SystemExtensions --scan-folder /Users/tommiller/Library/Developer/Xcode/DerivedData/App-diekzjczilnndmekcbwxdbymtdym/Build/Intermediates.noindex/ArchiveIntermediates/App/InstallationBuildProductsLocation/Applications/App.app/Extensions --platform iphoneos --toolchain /Applications/Xcode.app/Contents/Developer/Toolchains/XcodeDefault.xctoolchain --destination /Users/tommiller/Library/Developer/Xcode/DerivedData/App-diekzjczilnndmekcbwxdbymtdym/Build/Intermediates.noindex/ArchiveIntermediates/App/InstallationBuildProductsLocation/Applications/App.app/Frameworks --unsigned-destination /Users/tommiller/Library/Developer/Xcode/DerivedData/App-diekzjczilnndmekcbwxdbymtdym/Build/Intermediates.noindex/ArchiveIntermediates/App/BuildProductsPath/SwiftSupport --strip-bitcode --strip-bitcode-tool /Applications/Xcode.app/Contents/Developer/Toolchains/XcodeDefault.xctoolchain/usr/bin/bitcode_strip --emit-dependency-info /Users/tommiller/Library/Developer/Xcode/DerivedData/App-diekzjczilnndmekcbwxdbymtdym/Build/Intermediates.noindex/ArchiveIntermediates/App/IntermediateBuildFilesPath/App.build/Release-iphoneos/App.build/SwiftStdLibToolInputDependencies.dep --filter-for-swift-os --back-deploy-swift-span

ExtractAppIntentsMetadata (in target 'App' from project 'App')
    cd /Users/tommiller/Documents/Hyperframes\ Editor/tally/native/ios/App
    /Applications/Xcode.app/Contents/Developer/Toolchains/XcodeDefault.xctoolchain/usr/bin/appintentsmetadataprocessor --toolchain-dir /Applications/Xcode.app/Contents/Developer/Toolchains/XcodeDefault.xctoolchain --module-name App --sdk-root /Applications/Xcode.app/Contents/Developer/Platforms/iPhoneOS.platform/Developer/SDKs/iPhoneOS26.5.sdk --xcode-version 17F113 --platform-family iOS --deployment-target 15.0 --bundle-identifier com.boneheadz.gym --output /Users/tommiller/Library/Developer/Xcode/DerivedData/App-diekzjczilnndmekcbwxdbymtdym/Build/Intermediates.noindex/ArchiveIntermediates/App/InstallationBuildProductsLocation/Applications/App.app --target-triple arm64-apple-ios15.0 --binary-file /Users/tommiller/Library/Developer/Xcode/DerivedData/App-diekzjczilnndmekcbwxdbymtdym/Build/Intermediates.noindex/ArchiveIntermediates/App/InstallationBuildProductsLocation/Applications/App.app/App --dependency-file /Users/tommiller/Library/Developer/Xcode/DerivedData/App-diekzjczilnndmekcbwxdbymtdym/Build/Intermediates.noindex/ArchiveIntermediates/App/IntermediateBuildFilesPath/App.build/Release-iphoneos/App.build/Objects-normal/arm64/App_dependency_info.dat --stringsdata-file /Users/tommiller/Library/Developer/Xcode/DerivedData/App-diekzjczilnndmekcbwxdbymtdym/Build/Intermediates.noindex/ArchiveIntermediates/App/IntermediateBuildFilesPath/App.build/Release-iphoneos/App.build/Objects-normal/arm64/ExtractedAppShortcutsMetadata.stringsdata --source-file-list /Users/tommiller/Library/Developer/Xcode/DerivedData/App-diekzjczilnndmekcbwxdbymtdym/Build/Intermediates.noindex/ArchiveIntermediates/App/IntermediateBuildFilesPath/App.build/Release-iphoneos/App.build/Objects-normal/arm64/App.SwiftFileList --metadata-file-list /Users/tommiller/Library/Developer/Xcode/DerivedData/App-diekzjczilnndmekcbwxdbymtdym/Build/Intermediates.noindex/ArchiveIntermediates/App/IntermediateBuildFilesPath/App.build/Release-iphoneos/App.build/App.DependencyMetadataFileList --static-metadata-file-list /Users/tommiller/Library/Developer/Xcode/DerivedData/App-diekzjczilnndmekcbwxdbymtdym/Build/Intermediates.noindex/ArchiveIntermediates/App/IntermediateBuildFilesPath/App.build/Release-iphoneos/App.build/App.DependencyStaticMetadataFileList --swift-const-vals-list /Users/tommiller/Library/Developer/Xcode/DerivedData/App-diekzjczilnndmekcbwxdbymtdym/Build/Intermediates.noindex/ArchiveIntermediates/App/IntermediateBuildFilesPath/App.build/Release-iphoneos/App.build/Objects-normal/arm64/App.SwiftConstValuesFileList --compile-time-extraction --deployment-aware-processing --validate-assistant-intents --no-app-shortcuts-localization
2026-07-27 06:47:35.012 appintentsmetadataprocessor[83981:15972345] Starting appintentsmetadataprocessor export
2026-07-27 06:47:35.013 appintentsmetadataprocessor[83981:15972345] warning: Metadata extraction skipped. No AppIntents.framework dependency found.

GenerateDSYMFile /Users/tommiller/Library/Developer/Xcode/DerivedData/App-diekzjczilnndmekcbwxdbymtdym/Build/Intermediates.noindex/ArchiveIntermediates/App/BuildProductsPath/Release-iphoneos/App.app.dSYM /Users/tommiller/Library/Developer/Xcode/DerivedData/App-diekzjczilnndmekcbwxdbymtdym/Build/Intermediates.noindex/ArchiveIntermediates/App/InstallationBuildProductsLocation/Applications/App.app/App (in target 'App' from project 'App')
    cd /Users/tommiller/Documents/Hyperframes\ Editor/tally/native/ios/App
    /Applications/Xcode.app/Contents/Developer/Toolchains/XcodeDefault.xctoolchain/usr/bin/dsymutil /Users/tommiller/Library/Developer/Xcode/DerivedData/App-diekzjczilnndmekcbwxdbymtdym/Build/Intermediates.noindex/ArchiveIntermediates/App/InstallationBuildProductsLocation/Applications/App.app/App -o /Users/tommiller/Library/Developer/Xcode/DerivedData/App-diekzjczilnndmekcbwxdbymtdym/Build/Intermediates.noindex/ArchiveIntermediates/App/BuildProductsPath/Release-iphoneos/App.app.dSYM

AppIntentsSSUTraining (in target 'App' from project 'App')
    cd /Users/tommiller/Documents/Hyperframes\ Editor/tally/native/ios/App
    /Applications/Xcode.app/Contents/Developer/Toolchains/XcodeDefault.xctoolchain/usr/bin/appintentsnltrainingprocessor --infoplist-path /Users/tommiller/Library/Developer/Xcode/DerivedData/App-diekzjczilnndmekcbwxdbymtdym/Build/Intermediates.noindex/ArchiveIntermediates/App/InstallationBuildProductsLocation/Applications/App.app/Info.plist --temp-dir-path /Users/tommiller/Library/Developer/Xcode/DerivedData/App-diekzjczilnndmekcbwxdbymtdym/Build/Intermediates.noindex/ArchiveIntermediates/App/IntermediateBuildFilesPath/App.build/Release-iphoneos/App.build/ssu --bundle-id com.boneheadz.gym --product-path /Users/tommiller/Library/Developer/Xcode/DerivedData/App-diekzjczilnndmekcbwxdbymtdym/Build/Intermediates.noindex/ArchiveIntermediates/App/InstallationBuildProductsLocation/Applications/App.app --extracted-metadata-path /Users/tommiller/Library/Developer/Xcode/DerivedData/App-diekzjczilnndmekcbwxdbymtdym/Build/Intermediates.noindex/ArchiveIntermediates/App/InstallationBuildProductsLocation/Applications/App.app/Metadata.appintents --deployment-postprocessing --metadata-file-list /Users/tommiller/Library/Developer/Xcode/DerivedData/App-diekzjczilnndmekcbwxdbymtdym/Build/Intermediates.noindex/ArchiveIntermediates/App/IntermediateBuildFilesPath/App.build/Release-iphoneos/App.build/App.DependencyMetadataFileList --source-file /Users/tommiller/Library/Developer/Xcode/DerivedData/App-diekzjczilnndmekcbwxdbymtdym/Build/Intermediates.noindex/ArchiveIntermediates/App/InstallationBuildProductsLocation/Applications/App.app/Info.plist --archive-ssu-assets
2026-07-27 06:47:35.029 appintentsnltrainingprocessor[83983:15972348] Parsing options for appintentsnltrainingprocessor
2026-07-27 06:47:35.030 appintentsnltrainingprocessor[83983:15972348] Starting AppIntents SSU YAML Generation
2026-07-27 06:47:35.030 appintentsnltrainingprocessor[83983:15972348] No AppShortcuts found - Skipping.

Strip /Users/tommiller/Library/Developer/Xcode/DerivedData/App-diekzjczilnndmekcbwxdbymtdym/Build/Intermediates.noindex/ArchiveIntermediates/App/InstallationBuildProductsLocation/Applications/App.app/App (in target 'App' from project 'App')
    cd /Users/tommiller/Documents/Hyperframes\ Editor/tally/native/ios/App
    /Applications/Xcode.app/Contents/Developer/Toolchains/XcodeDefault.xctoolchain/usr/bin/strip -D /Users/tommiller/Library/Developer/Xcode/DerivedData/App-diekzjczilnndmekcbwxdbymtdym/Build/Intermediates.noindex/ArchiveIntermediates/App/InstallationBuildProductsLocation/Applications/App.app/App

SetOwnerAndGroup tommiller:staff /Users/tommiller/Library/Developer/Xcode/DerivedData/App-diekzjczilnndmekcbwxdbymtdym/Build/Intermediates.noindex/ArchiveIntermediates/App/InstallationBuildProductsLocation/Applications/App.app (in target 'App' from project 'App')
    cd /Users/tommiller/Documents/Hyperframes\ Editor/tally/native/ios/App
    /usr/sbin/chown -RH tommiller:staff /Users/tommiller/Library/Developer/Xcode/DerivedData/App-diekzjczilnndmekcbwxdbymtdym/Build/Intermediates.noindex/ArchiveIntermediates/App/InstallationBuildProductsLocation/Applications/App.app

SetMode u+w,go-w,a+rX /Users/tommiller/Library/Developer/Xcode/DerivedData/App-diekzjczilnndmekcbwxdbymtdym/Build/Intermediates.noindex/ArchiveIntermediates/App/InstallationBuildProductsLocation/Applications/App.app (in target 'App' from project 'App')
    cd /Users/tommiller/Documents/Hyperframes\ Editor/tally/native/ios/App
    /bin/chmod -RH u+w,go-w,a+rX /Users/tommiller/Library/Developer/Xcode/DerivedData/App-diekzjczilnndmekcbwxdbymtdym/Build/Intermediates.noindex/ArchiveIntermediates/App/InstallationBuildProductsLocation/Applications/App.app

CodeSign /Users/tommiller/Library/Developer/Xcode/DerivedData/App-diekzjczilnndmekcbwxdbymtdym/Build/Intermediates.noindex/ArchiveIntermediates/App/InstallationBuildProductsLocation/Applications/App.app (in target 'App' from project 'App')
    cd /Users/tommiller/Documents/Hyperframes\ Editor/tally/native/ios/App
    
    Signing Identity:     "Apple Development: Thomas Miller (UNH37872UZ)"
    Provisioning Profile: "iOS Team Provisioning Profile: com.boneheadz.gym"
                          (c99a5ba5-e35e-4ea8-b37f-2e7e773de693)
    
    /usr/bin/codesign --force --sign B074E8C83C908068827A7968D85DA4CC6E0F88EF --entitlements /Users/tommiller/Library/Developer/Xcode/DerivedData/App-diekzjczilnndmekcbwxdbymtdym/Build/Intermediates.noindex/ArchiveIntermediates/App/IntermediateBuildFilesPath/App.build/Release-iphoneos/App.build/App.app.xcent --generate-entitlement-der /Users/tommiller/Library/Developer/Xcode/DerivedData/App-diekzjczilnndmekcbwxdbymtdym/Build/Intermediates.noindex/ArchiveIntermediates/App/InstallationBuildProductsLocation/Applications/App.app

RegisterExecutionPolicyException /Users/tommiller/Library/Developer/Xcode/DerivedData/App-diekzjczilnndmekcbwxdbymtdym/Build/Intermediates.noindex/ArchiveIntermediates/App/InstallationBuildProductsLocation/Applications/App.app (in target 'App' from project 'App')
    cd /Users/tommiller/Documents/Hyperframes\ Editor/tally/native/ios/App
    builtin-RegisterExecutionPolicyException /Users/tommiller/Library/Developer/Xcode/DerivedData/App-diekzjczilnndmekcbwxdbymtdym/Build/Intermediates.noindex/ArchiveIntermediates/App/InstallationBuildProductsLocation/Applications/App.app

Validate /Users/tommiller/Library/Developer/Xcode/DerivedData/App-diekzjczilnndmekcbwxdbymtdym/Build/Intermediates.noindex/ArchiveIntermediates/App/InstallationBuildProductsLocation/Applications/App.app (in target 'App' from project 'App')
    cd /Users/tommiller/Documents/Hyperframes\ Editor/tally/native/ios/App
    builtin-validationUtility /Users/tommiller/Library/Developer/Xcode/DerivedData/App-diekzjczilnndmekcbwxdbymtdym/Build/Intermediates.noindex/ArchiveIntermediates/App/InstallationBuildProductsLocation/Applications/App.app -validate-for-store -shallow-bundle -infoplist-subpath Info.plist

Touch /Users/tommiller/Library/Developer/Xcode/DerivedData/App-diekzjczilnndmekcbwxdbymtdym/Build/Intermediates.noindex/ArchiveIntermediates/App/InstallationBuildProductsLocation/Applications/App.app (in target 'App' from project 'App')
    cd /Users/tommiller/Documents/Hyperframes\ Editor/tally/native/ios/App
    /usr/bin/touch -c /Users/tommiller/Library/Developer/Xcode/DerivedData/App-diekzjczilnndmekcbwxdbymtdym/Build/Intermediates.noindex/ArchiveIntermediates/App/InstallationBuildProductsLocation/Applications/App.app

** ARCHIVE SUCCEEDED **

=== export ===
2026-07-27 06:47:35.632 xcodebuild[83989:15972419] [MT] IDEDistribution: -[IDEDistributionLogging _createLoggingBundleAtPath:]: Created bundle at path "/var/folders/k7/gh5s55k16q17nlm_hj_3g3bm0000gp/T/App_2026-07-27_06-47-35.632.xcdistributionlogs".
2026-07-27 06:47:35.700 xcodebuild[83989:15972419] [MT] IDEDistribution: Command line name "app-store" is deprecated. Use "app-store-connect" instead.
Exported App to: /Users/tommiller/Documents/Hyperframes Editor/tally/native/ios/App/build/export
** EXPORT SUCCEEDED **

=== upload to TestFlight ===
Running altool at path '/Applications/Xcode.app/Contents/SharedFrameworks/ContentDelivery.framework/Resources/altool'...

2026-07-27 06:49:38.736  INFO: [ContentDelivery.Uploader.C25040540] 
==========================================
UPLOAD SUCCEEDED with no errors
Delivery UUID: 87a8e567-c526-4e4d-9c06-cba16396ebf3
Transferred 21592621 bytes in 18.409 seconds (1.2MB/s, 9.383Mbps)
==========================================
No errors uploading archive at 'build/export/App.ipa'.
=== distribute build 12 to the internal group ===
build 12 is not on App Store Connect yet
